"rank","title","growth..30.days.","price","X5.star.ratings","X4.star.ratings","X3.star.ratings","X2.star.ratings","X1.star.ratings","category_num2","int_installs"
49,"Zombie Catchers - love the hunt!",2,0,1302473,180457,92856,40988,120740,1,1e+08
50,"Into the Dead",0.2,0,1304290,207310,77538,26901,92032,1,5e+07
52,"Modern Strike Online: Free PvP FPS shooting game",1.1,0,1198546,140286,74131,40275,147794,1,5e+07
56,"Archero",1.2,0,1071149,206983,87195,34301,115098,1,5e+07
59,"DINO HUNTER: DEADLY SHORES",0.1,0,1095921,179535,80175,29311,107180,1,5e+07
60,"DEAD TRIGGER - Offline Zombie Shooter",0.2,0,1101314,188833,80890,27732,77843,1,1e+07
61,"Johnny Trigger - Action Shooting Game",1.8,0,1072395,139566,73663,34742,97832,1,1e+08
62,"PPSSPP - PSP emulator",1,0,1010261,134117,67153,33167,125878,1,1e+08
63,"Robbery Bob",2,0,990050,88465,56207,35825,124820,1,1e+08
64,"Hide Online - Hunters vs Props",1.1,0,975386,121614,58603,26064,87039,1,5e+07
65,"Soul Knight",1.5,0,966279,139698,55097,22321,70406,1,5e+07
66,"Creative Destruction",0.8,0,878737,104960,59904,34640,160571,1,1e+07
67,"aquapark.io",1.2,0,796909,123482,78967,49174,175839,1,1e+08
68,"Bomber Friends",0.7,0,850596,130904,72537,35699,116012,1,5e+07
69,"Anger of stick 5 : zombie",1.8,0,888793,100798,60028,34751,116630,1,1e+08
70,"Modern Sniper",0.3,0,774203,124707,92187,46678,152006,1,5e+07
71,"DRAGON BALL LEGENDS",1.9,0,796378,119092,52261,26135,177593,1,1e+07
72,"Nebulous.io",0.4,0,818030,124799,69912,32042,114232,1,5e+07
73,"War Machines: Tank Battle - Army & Military Games",1.5,0,675581,172859,94142,45682,146557,1,1e+08
75,"Sea Battle 2",2.1,0,877180,141143,41513,11915,27149,1,1e+07
76,"DRAGON BALL Z DOKKAN BATTLE",0.7,0,795246,114985,39102,17818,89856,1,1e+07
78,"Angry Gran Run - Running Game",0.1,0,771626,98475,60893,24031,80898,1,5e+07
80,"Deer Hunter 2018",0,0,639683,120437,62570,33042,166601,1,5e+07
81,"Rope Hero: Vice Town",2.5,0,720898,73748,50810,34656,131751,1,1e+08
82,"Sniper Fury: Online 3D FPS & Sniper Shooter Game",0.1,0,637973,121993,61346,31183,155776,1,5e+07
83,"FRONTLINE COMMANDO 2",0,0,715952,147189,62085,19024,53721,1,1e+07
84,"Battlelands Royale",0.4,0,609541,123211,73097,39214,141981,1,1e+07
86,"Real Gangster Crime",2.9,0,653656,70047,48180,35763,132909,1,1e+08
87,"Legacy of Discord-FuriousWings",0.1,0,624684,101141,56461,30943,120224,1,1e+07
88,"BombSquad",0.7,0,651347,95352,49355,22598,75872,1,1e+07
90,"PUBG MOBILE VN ‚Äì GRAFFITI PRANK",1.2,0,618177,72167,36063,20444,132076,1,1e+07
91,"Crisis Action: 5th Anniversary",0.1,0,551341,68587,58098,33898,161964,1,1e+07
92,"Hitman Sniper",0.3,0.99,607502,115334,48040,19224,58729,1,1e+07
93,"Miraculous Ladybug & Cat Noir",2.6,0,610132,62809,35805,23217,88115,1,1e+08
94,"Beat the Boss 3",0,0,626256,79461,43472,13250,47353,1,1e+07
95,"Flippy Knife",0.3,0,509210,119257,67002,29864,76543,1,1e+07
96,"BLOOD & GLORY",0,0,487636,76830,33821,18264,183249,1,1e+07
97,"Bus Rush",0.1,0,565576,79649,51686,22644,79179,1,1e+08
98,"Injustice 2",0.8,0,530371,103622,49763,25205,89758,1,1e+07
100,"NARUTO X BORUTO NINJA VOLTAGE",2.5,0,521328,70548,45060,25717,114300,1,1e+07
9,"BADLAND",0.1,0,1212289,175725,73532,29091,91730,2,1e+07
10,"Ice Age Adventures",0.1,0,947480,176433,110609,52804,145096,2,5e+07
12,"Clumsy Ninja",0.1,0,933667,117128,62485,30153,136071,2,1e+07
13,"The Walking Dead: Season One",0.1,0,990679,103781,57414,27458,96889,2,1e+07
14,"Benji Bananas",0.1,0,850589,129736,74870,25709,81035,2,5e+07
15,"KIM KARDASHIAN: HOLLYWOOD",0.1,0,755487,138999,70609,31379,98079,2,1e+07
16,"Hidden City: Hidden Object Adventure",0.3,0,662101,230824,100375,26908,41965,2,1e+07
17,"Family Guy The Quest for Stuff",0,0,588610,125854,79653,49039,164496,2,1e+07
19,"The Secret Society - Hidden Objects Mystery",0.1,0,530828,215417,102430,19425,23240,2,5e+06
20,"Murder in the Alps",1.4,0,480374,154636,79120,35336,54427,2,1e+07
22,"Tiny Miner",0,0,584387,93065,41439,10187,24103,2,5e+06
23,"Rayman Adventures",0.4,0,550358,77217,36272,16713,49701,2,1e+07
24,"Swordigo",0.5,0,592379,55914,24658,10735,37133,2,1e+07
25,"The Walking Dead: Season Two",0.1,0,525957,54369,28324,14037,52489,2,1e+07
26,"Eyes: Scary Thriller - Creepy Horror Game",1,0,487793,64046,32508,16549,53467,2,1e+07
27,"WorldCraft: 3D Build & Block Craft",0.2,0,334924,57204,45952,32698,163929,2,1e+07
28,"ARK: Survival Evolved",3,0,386395,66048,42074,23449,99444,2,1e+07
29,"Sonic Forces ‚Äì Multiplayer Racing & Battle Game",2.5,0,451959,56568,25606,14326,49165,2,5e+07
30,"Beggar Life - Clicker adventure",0.1,0,370907,60083,36938,18369,59064,2,5e+06
31,"RealmCraft with Skins Export to Minecraft",2.3,0,360272,45518,26510,18330,79898,2,5e+07
32,"Animation Throwdown: The Collectible Card Game",0.3,0,369221,92285,27535,11146,28304,2,1e+07
33,"Knives Out-No rules, just fight!",0.5,0,260354,40125,34962,24636,165933,2,1e+07
34,"Jurassic World Alive",1.1,0,368121,67896,28777,14238,42356,2,1e+07
35,"House Designer : Fix & Flip",3.2,0,337935,61651,34116,20254,67036,2,5e+07
36,"Seekers Notes: Hidden Mystery",0.7,0,323970,98744,43406,18725,34973,2,1e+07
37,"Crab War : Idle Swarm Evolution",0.4,0,364394,72835,28682,8182,17617,2,5e+06
38,"Cyber Hunter",0.6,0,309857,48747,32454,19174,76808,2,1e+07
39,"Mystery Manor: hidden objects",2.7,0,343892,101188,16455,5893,12005,2,1e+07
40,"Diggy's Adventure: Mine Maze Levels & Pipe Puzzles",1.8,0,329088,77605,26994,11507,33013,2,1e+07
41,"Ninja Arashi",1.6,0,358740,46434,20075,9268,29354,2,1e+07
42,"LONEWOLF (17+) - a Sniper Story",0.7,0,331200,55837,18479,7625,22936,2,1e+07
43,"Monster Warlord",0,0,282326,58228,28844,13307,52280,2,1e+07
44,"Ingress Prime",0.3,0,188123,53049,33512,26380,125415,2,1e+07
45,"Super Bob's World : Free Run Game",3.2,0,295844,39500,23056,13057,45388,2,1e+08
46,"Hidden Hotel: Miami Mystery",0.7,0,255521,57215,27828,14099,34568,2,1e+07
47,"Survivors: The Quest",0.8,0,203815,85332,52161,12160,14049,2,1e+06
48,"Hard Time (Prison Sim)",0.7,0,210465,36063,26030,15179,54852,2,1e+07
49,"Draw a Stickman: EPIC 2",1.1,0,205418,36118,25297,16075,54122,2,1e+07
50,"Adventure Escape: Asylum",0.3,0,229461,63849,23818,4647,7186,2,1e+06
51,"Transformers: RobotsInDisguise",0.2,0,237449,24504,15570,9174,38135,2,1e+07
53,"Ghost Town Adventures: Mystery Riddles Game",0.2,0,205171,43727,24752,13226,33490,2,1e+07
54,"Terraria",1,4.99,264563,24837,10184,4387,13572,2,1e+06
55,"Piggy Boom-Be the coin master",0.2,0,255161,21673,12879,5855,21283,2,1e+07
56,"KENDALL & KYLIE",0,0,237365,31303,17404,8412,22160,2,5e+06
57,"Shipwrecked:Castaway Island",0,0,260935,25389,11899,4699,13439,2,1e+07
58,"Harry Potter: Wizards Unite",0.4,0,150171,48370,29450,20523,65406,2,1e+07
59,"Masha and the Bear Child Games",0.4,0,217484,24614,16712,9290,39958,2,5e+07
60,"Pearl's Peril - Hidden Object Game",0.6,0,205958,60257,18268,6767,12238,2,1e+07
62,"Mirrors of Albion",0,0,209903,34354,20106,11108,26835,2,1e+07
64,"Diamond Quest: Don't Rush!",0.7,0,199015,36646,16646,6507,14218,2,1e+07
68,"Devil Ninja 2",0,0,199868,27382,19150,5624,17672,2,1e+07
69,"Stormfall: Saga of Survival",0.7,0,159901,44646,18605,8182,24797,2,1e+07
70,"ÌöåÏÉâÎèÑÏãú for Kakao",0,0,160537,59045,24428,4079,7099,2,1e+06
72,"LEGO¬Æ Star Wars‚Ñ¢: TFA",1,0,152013,20903,14875,10206,46086,2,1e+07
73,"Tinker Island - Survival Story Adventure",0.7,0,157652,34365,18567,10269,22332,2,5e+06
74,"ÔªøDragon Land",0.5,0,172113,25782,14154,7012,20627,2,1e+07
75,"The Island Castaway: Lost World¬Æ",0.3,0,139937,50806,29770,6835,8314,2,1e+06
76,"Criminal Case: Pacific Bay",0.3,0,177063,28537,13355,4930,11758,2,1e+07
77,"The Wolf Among Us",0.2,0,180021,22471,10386,5427,16973,2,5e+06
78,"Dead Ninja Mortal Shadow",0,0,179842,25379,13194,3868,12714,2,5e+06
79,"Egg Wars",2.7,0,162130,18965,11582,7008,32282,2,1e+07
80,"BlockStarPlanet",0.6,0,138146,29200,15234,9094,37516,2,1e+07
81,"Draw a Stickman: EPIC Free",0.1,0,138400,23863,18402,10703,36295,2,1e+07
82,"Benji Bananas Adventures",0,0,157365,29152,14581,4277,14651,2,1e+07
83,"Hotel Transylvania Adventures - Run, Jump, Build!",1.6,0,158241,19243,10203,5946,21848,2,1e+07
84,"Street Chaser",2.9,0,145750,16991,12760,8788,29960,2,5e+07
85,"Survival Island: EVO 2",0.1,0,119993,23498,18989,9269,39997,2,1e+07
86,"Seven - Deadly Revelation - Horror Chat Adventure",0.8,0,147758,34367,15514,4221,8115,2,1e+06
88,"Zoo 2: Animal Park",3.3,0,133728,29804,12492,6151,16507,2,1e+07
89,"3D Maze / Labyrinth",0.2,0,98565,18794,18944,9746,49042,2,1e+07
90,"CASE: Animatronics - Horror game",1.3,0,150446,19496,8073,3976,12329,2,5e+06
91,"Super City (Superhero Sim)",2.3,0,133402,18770,10413,5673,18581,2,1e+07
93,"Adventure Time: Heroes of Ooo",0.1,0,126910,17057,11464,6311,22030,2,1e+07
94,"Friendzoned",2.3,0,147853,22052,7044,1945,3053,2,1e+06
95,"Nobodies: Murder Cleaner",1.2,0,132974,25480,9471,3989,8297,2,5e+06
96,"Stranger Things: The Game",0.5,0,140060,19349,7801,3140,7046,2,5e+06
97,"Homicide Squad: New York Cases",2.2,0,115451,35716,15616,3101,4572,2,1e+06
98,"Futurama: Worlds of Tomorrow",0.2,0,103163,29913,14632,6981,18826,2,5e+06
99,"Jurassic Survival Island: Dinosaurs & Craft",0.7,0,110047,17316,9570,6629,26966,2,1e+07
100,"Critical Action :Gun Strike Ops - Shooting Game",3.3,0,111103,13416,9395,6867,28932,2,5e+07
24,"Hungry Shark World",0.8,0,1357022,198527,92350,42783,120271,3,1e+08
26,"Geometry Dash Meltdown",0.3,0,1299263,184269,91635,32702,114671,3,5e+07
27,"Angry Birds Seasons",0,0,1243088,203499,96034,40038,97223,3,1e+08
29,"Crowd City",0.9,0,1053541,154097,93873,56003,184632,3,1e+08
30,"Brothers in Arms¬Æ 3",0.2,0,1012546,179911,87761,37253,136410,3,1e+07
34,"Payback 2 - The Battle Sandbox",2.7,0,956576,113172,55695,30242,110792,3,1e+08
35,"Angry Birds Space",0.2,0,921296,142403,80546,32192,78048,3,1e+08
36,"Skater Boy",0.1,0,913605,102146,67172,27563,102835,3,1e+08
37,"Ant Smasher",0,0,770908,126156,97219,38195,172701,3,1e+08
39,"Tap Tap Dash",0.2,0,769162,151810,83475,36388,107936,3,5e+07
40,"101-in-1 Games",0,0,793834,207268,80919,13969,39659,3,1e+07
41,"Doodle Jump",0.1,0,830403,135199,64265,23174,78062,3,5e+07
42,"Hole.io",0.6,0,677916,137400,76010,45664,155793,3,1e+08
43,"Zombie Roadkill 3D",0.4,0,744528,117072,73852,36326,108610,3,5e+07
44,"Lep's World 2 üçÄüçÄ",0.6,0,790448,85451,53289,32351,106389,3,1e+08
45,"Rider",0.9,0,619359,142736,94505,49800,156326,3,5e+07
46,"Lep's World üçÄ",1.3,0,804810,81852,47679,27860,91772,3,1e+08
47,"Angry Birds Friends",0.9,0,707099,115037,66960,33899,122890,3,1e+08
48,"Dan the Man: Action Platformer",3.5,0,852131,89639,32908,14214,49587,3,1e+07
49,"Rail Rush",0.2,0,771054,104754,59370,24069,75842,3,5e+07
50,"Geometry Dash World",0.8,0,739849,113379,57603,24568,87183,3,5e+07
51,"Lep's World 3 üçÄüçÄüçÄ",0.6,0,737202,83699,47744,26834,83459,3,5e+07
52,"Knife Hit",1.4,0,661142,90062,59535,31155,88884,3,1e+08
53,"Zombie Smasher",0.1,0,670950,107406,61188,20349,64368,3,5e+07
54,"Cookie Run: OvenBreak - Endless Running Platformer",0.8,0,650474,86021,42019,19410,72938,3,1e+07
55,"PAC-MAN",0.3,0,513457,98544,66342,39913,135730,3,1e+08
59,"Multiplayer for Minecraft PE - MCPE Servers",0.6,0,519219,44419,40672,27978,153344,3,1e+07
60,"Vector 2",0.4,0,532777,79244,56302,30912,84108,3,5e+07
62,"Geometry Dash",0.6,1.99,623950,73997,25169,9705,34694,3,1e+06
63,"Jewels Switch",0,0,602986,86561,31527,9119,21710,3,1e+07
65,"Stick Hero",0,0,457063,98278,54702,19323,61040,3,1e+07
66,"Zombie High School",0,0,403782,94046,58979,27439,99781,3,1e+07
67,"Stupid Zombies",0.8,0,452995,76508,50755,25712,74859,3,5e+07
68,"Sky Whale",0.2,0,482649,62720,37136,17205,59065,3,1e+07
70,"Draw it",0.9,0,345285,85882,56078,32737,87907,3,5e+07
71,"Fernanfloo",0.2,0,518005,33306,15855,7728,32518,3,1e+07
72,"Sky Roller",1.9,0,430289,62631,29278,19002,64857,3,1e+08
73,"Geometry Dash SubZero",2.1,0,461516,57677,26461,10521,41000,3,5e+07
75,"Cartoon Wars",0,0,377160,58374,42190,17641,93406,3,1e+07
76,"Run",0.2,0,450545,63282,26052,9697,30581,3,1e+07
77,"Snake VS Block",0.1,0,324049,96083,55078,27180,69501,3,5e+07
78,"Zombie World War",0,0,343285,94364,61079,20066,42150,3,1e+07
79,"My Boy! Free - GBA Emulator",0.4,0,417161,51029,24360,9592,50939,3,1e+07
80,"Daddy Long Legs",0,0,353551,83290,33656,15378,46044,3,1e+07
81,"Burrito Bison: Launcha Libre",1.1,0,434295,55719,18969,6103,13545,3,1e+07
82,"Bricks Ball Crusher",3.2,0,378387,43851,25859,11740,42316,3,1e+07
83,"Stickman Hook",0.8,0,284229,73671,51337,25788,65755,3,5e+07
84,"Falcon Squad: Galaxy Attack - Free shooting games",1.2,0,394660,41775,18966,9143,29916,3,5e+07
86,"Evil Nun : Scary Horror Game Adventure",1.8,0,365442,36401,18912,11536,47261,3,1e+07
87,"BBTAN by 111%",0,0,330135,64298,32019,11508,38527,3,1e+07
88,"Prize Claw",0.1,0,296581,49238,44288,17779,65148,3,5e+07
89,"Monster Dash",0,0,341438,51488,28267,8847,35958,3,1e+07
90,"Polysphere - art of puzzle",0.2,0,253101,61198,44358,28292,75776,3,5e+07
91,"Ball Blast",1.2,0,312383,61234,27577,13638,46687,3,1e+07
92,"Will Hero",0.8,0,310141,53367,29556,12688,55013,3,1e+07
93,"Duet",0.2,0,369343,47744,17674,6328,17984,3,1e+07
94,"Tigerball",0.2,0,300896,68275,33278,12973,36235,3,1e+07
95,"Infinite Stairs",1.1,0,294043,51149,27853,12672,61632,3,1e+07
96,"Sky Force 2014",0.1,0,332108,57547,25741,8980,21836,3,1e+07
97,"Human Evolution Clicker: Tap and Evolve Life Forms",0.4,0,267057,57315,40846,22798,56545,3,1e+07
98,"Slendrina:The Cellar (Free)",0.6,0,305278,36305,24626,15697,61371,3,1e+07
99,"Run Sausage Run!",0.9,0,266158,45126,35593,22503,73687,3,1e+08
100,"Tank Hero",0.1,0,308926,54591,26725,10594,36750,3,1e+07
7,"Chess",2.4,0,1060550,206896,93112,38989,115093,4,1e+08
8,"Okey Plus",0.1,0,965860,69309,40832,16780,149706,4,1e+07
9,"Paint By Number - Coloring Book & Color by Number",3,0,944530,124068,54027,25310,71898,4,1e+08
10,"Ludo Club - Fun Dice Game",2.4,0,884572,108121,53324,27010,135599,4,5e+07
13,"Checkers",1.7,0,673962,122577,49476,19674,62333,4,5e+07
14,"Bingo Blitz‚Ñ¢Ô∏è - Bingo Games",1.8,0,577133,101989,34574,14423,30360,4,1e+07
15,"Ludo STAR",1.6,0,586766,56989,29822,11245,50747,4,1e+07
16,"Bingo Bash featuring MONOPOLY: Live Bingo Games",0.6,0,491446,71693,33722,16666,32722,4,1e+07
17,"Bingo Showdown Free Bingo Games ‚Äì Bingo Live Game",0.1,0,482591,54478,28315,10380,20691,4,5e+06
18,"Mahjong Titan",0.4,0,411456,133606,32789,4314,6771,4,1e+07
19,"√áanak Okey Plus",0.4,0,442106,24944,15124,7901,79957,4,1e+07
20,"Ludo Star 2",2.2,0,410189,45241,30537,16583,63853,4,1e+07
21,"Okey",0.2,0,460107,37172,21810,9842,36703,4,1e+07
22,"Checkers",1.8,0,359579,68669,37353,19010,53295,4,1e+08
24,"1LINE ‚Äì One Line with One Touch",1,0,341542,50923,28129,13939,38352,4,5e+07
25,"BINGO!",0.3,0,388433,34151,16681,6656,21848,4,1e+07
26,"Backgammon Plus",0.1,0,272186,23114,15782,8430,145857,4,5e+06
27,"LANDLORD TYCOON Business Simulator Investing Game",0.4,0,338050,67242,18359,8241,32092,4,5e+06
28,"Real Chess",0.4,0,254575,65390,27284,12019,41900,4,1e+07
29,"Slots: VIP Deluxe Slot Machines Free - Vegas Slots",0.9,0,356432,16830,6506,2768,10693,4,5e+06
30,"Mahjong Epic",0.2,0,277481,88066,17967,2328,4137,4,5e+06
31,"Tic Tac Toe",0.1,0,244641,40616,24172,10846,35128,4,5e+07
32,"Backgammon Free",0.3,0,231256,65515,21098,8965,22747,4,1e+07
33,"Dominos Online Jogatina: Dominoes Game Free",0.7,0,227594,57334,27137,9633,25693,4,1e+07
34,"Mahjong City Tours: Free Mahjong Classic Game",2.4,0,244001,45906,16466,4089,8277,4,5e+06
35,"Bingo Party - Free Classic Bingo Games Online",0.7,0,245490,34351,15626,5188,8927,4,5e+06
36,"Rento - Dice Board Game Online",0.5,0,177871,52454,25381,11298,42488,4,1e+07
37,"Snakes & Ladders King",0.1,0,189211,25983,21594,13746,51726,4,5e+07
38,"Game of Dice",0.2,0,194903,45471,19753,8702,25877,4,5e+06
39,"Pinball Pro",0,0,189857,46146,23996,6930,15818,4,1e+07
40,"Checkers Online Elite",0,0,186192,33365,18596,8124,30717,4,1e+07
41,"Woody Block Puzzle ¬Æ",0.5,0,194695,43443,12515,6727,16853,4,1e+07
42,"Good Knight Story",0.1,0,197485,54778,10325,1865,2823,4,1e+06
43,"Bingo Pop: Free Live Multiplayer Bingo Board Games",0.6,0,203767,25302,11667,6012,12899,4,1e+07
44,"Backgammon - Narde",1.4,0,197295,23514,6517,4181,27845,4,1e+07
45,"Tap Color - Color by number. Coloring Game",0.4,0,201149,19660,10893,6291,16360,4,1e+07
46,"RISK: Global Domination",2.3,0,182725,33730,12210,6120,18810,4,1e+07
47,"Slots: Epic Jackpot Slots Games Free & Casino Game",0.9,0,230419,9902,3954,1793,6335,4,1e+06
48,"Onnect - Pair Matching Puzzle",1.3,0,160741,36216,10826,7118,21940,4,1e+07
49,"Domino Gaple TopFun(Domino QiuQiu):Free dan online",0.2,0,180762,12754,9755,4957,19691,4,1e+06
50,"Ludo SuperStar",2.5,0,147106,20793,12841,9124,33526,4,5e+07
51,"C·ªù T·ª∑ Ph√∫ - Co Ty Phu ZingPlay - Board Game",0.6,0,183715,8874,5396,2478,16869,4,5e+06
53,"Mahjong Master",0.2,0,158982,31185,8750,2866,4514,4,1e+07
56,"Ludo Talent- Online Ludo&Chatroom",2.1,0,131997,20385,13564,6494,22640,4,1e+07
57,"YAHTZEE¬Æ With Buddies Dice Game",1.9,0,118188,28403,14142,9796,22237,4,1e+07
58,"Backgammon Free - Lord of the Board - Table Game",2.7,0,141982,11168,5861,3967,28059,4,5e+06
59,"Fun 101 Okey",1.6,0,156286,6201,3021,1814,18963,4,5e+06
60,"Tile Craft - Triple Crush: Puzzle matching game",1.9,0,126059,35591,15005,3018,5531,4,5e+06
61,"Travelling Millionaire",0,0,114344,11178,9498,5539,42364,4,5e+06
62,"Dice With Buddies‚Ñ¢ Free - The Fun Social Dice Game",0.2,0,114198,27619,13179,8689,18769,4,5e+06
63,"√áanak Okey - Mynet",0.2,0,123134,10298,7945,4302,29998,4,5e+06
64,"Reversi Free",0.1,0,114173,37441,11074,3328,9365,4,5e+06
65,"Ludo Classic",1,0,126431,14308,9286,5131,19828,4,1e+07
66,"Rummikub¬Æ",2.8,0,137759,11970,4244,2489,8658,4,5e+06
67,"Checkers",0,0,115060,26941,9353,2808,8004,4,1e+07
68,"Fleet Battle - Sea Battle",1.7,0,105501,25607,10717,3492,7933,4,1e+07
71,"Domino QiuQiu KiuKiu Online(koin gratis)",1.2,0,125960,5830,3677,2013,8341,4,1e+06
73,"Tic Tac Toe Free",0,0,92301,17788,12417,5411,15646,4,1e+07
74,"Einstein's Riddle Logic Puzzles",0.8,0,104877,25249,5085,1533,2057,4,1e+06
76,"Four In A Line Free",0,0,82044,34240,10359,2744,4959,4,5e+06
77,"Ludo All Star - Play Online Ludo Game & Board Game",1.4,0,97866,9935,6656,4095,14479,4,1e+07
78,"Ïù∏ÏÉùÏó≠Ï†ÑÏú∑ÎÜÄÏù¥",0.1,0,68153,21284,16316,4858,16036,4,1e+06
79,"Slot Casino - Slot Machines",0,0,74055,16364,10363,4762,10773,4,1e+07
80,"Loco Parch√≠s - Magic Ludo & Mega dice! USA Vip Bet",0.5,0,69436,14523,6556,3528,17271,4,1e+06
81,"Carrom 3D",0.2,0,66708,11294,7706,4897,20440,4,1e+07
83,"Chess for Android",0,0,72389,12983,8377,3143,12207,4,1e+07
84,"Sudoku Free",0,0,73648,25459,3329,1049,1239,4,5e+06
85,"lichess ‚Ä¢ Free Online Chess",3.8,0,83048,9467,3357,1624,7060,4,5e+06
86,"Truth or Dare ‚Äî Dirty Party Game for Adults 18+",0.5,0,63403,13852,8674,4367,13592,4,5e+06
87,"Slots: Fast Fortune Free Casino Slots with Bonus",1.1,0,92461,4295,2027,929,3216,4,1e+06
88,"Loto Online",0.9,0,70873,6115,4916,3177,16629,4,5e+06
89,"Dr. Chess",0,0,68495,12682,7061,2562,9335,4,1e+06
90,"World Chess Championship",0.4,0,67221,12430,6504,2823,10944,4,5e+06
91,"Domino! The world's largest dominoes community",0.3,0,63985,17116,6866,3283,7645,4,5e+06
92,"Chess Online",3.2,0,67743,13474,6677,2525,7206,4,1e+06
93,"Backgammon Live: Play Online Backgammon Free Games",1.7,0,71134,12522,2913,1237,9698,4,1e+06
94,"Praia Bingo - Bingo Games + Slot + Casino",1.6,0,68369,9214,5156,2838,11852,4,5e+06
95,"Super Bingo HD‚Ñ¢: Best Free Bingo Games",0,0,69024,13635,7012,2483,4628,4,1e+06
97,"Okey Extra",0.6,0,82594,2693,1212,646,6072,4,1e+06
98,"Dr. Gomoku",0.1,0,51992,14387,8518,3209,14198,4,5e+06
100,"Color by Number: Free Coloring Games - Paint Book",2.8,0,63844,8225,5410,3104,10810,4,1e+07
3,"Solitaire",0.5,0,432066,90340,39912,15917,69906,5,1e+08
3,"Solitaire",0.5,0,408570,47577,16761,6353,18469,5,1e+08
4,"World Series of Poker WSOP Free Texas Holdem Poker",0.7,0,963845,193536,78854,36877,122410,5,5e+07
5,"Live Hold‚Äôem Pro Poker - Free Casino Games",0,0,703968,191418,84231,34897,106358,5,1e+07
6,"Pyramid Solitaire Saga",0.1,0,790349,173398,53929,15278,33527,5,1e+07
7,"UNO!‚Ñ¢",2.6,0,593833,78143,46322,27757,117389,5,5e+07
8,"Solitaire Grand Harvest - Free Tripeaks Solitaire",2.2,0,634927,109546,30343,16253,42441,5,1e+07
9,"Solitaire",0,0,432066,90340,39912,15917,69906,5,5e+07
9,"Solitaire",0,0,408570,47577,16761,6353,18469,5,5e+07
10,"Solitaire TriPeaks: Play Free Solitaire Card Games",1,0,442260,117497,37079,13354,30552,5,1e+07
11,"Fairway Solitaire Blast",0,0,437316,91620,19548,3389,6279,5,5e+06
12,"Gin Rummy Plus",0.9,0,423267,57548,24886,10084,36459,5,1e+07
13,"Spider Solitaire",1.2,0,387835,86497,22455,7049,16644,5,1e+07
14,"Solitaire",1.1,0,432066,90340,39912,15917,69906,5,5e+07
14,"Solitaire",1.1,0,408570,47577,16761,6353,18469,5,5e+07
15,"Truco Blyts",0.6,0,347113,86346,30669,9084,21683,5,1e+07
16,"Poker Games: World Poker Club",0.8,0,399382,31069,9279,6049,42809,5,1e+07
17,"Deck Heroes: Legacy",0,0,342790,41145,25513,13298,47005,5,1e+07
18,"Legends of Runeterra",3,0,376619,50048,13116,6299,23197,5,1e+07
19,"Durak Online",1.6,0,277736,45889,25538,14753,91609,5,1e+07
20,"Solitaire!",0.1,0,314368,91964,24250,5847,12355,5,1e+07
21,"Solitaire",0.4,0,297701,67830,20540,4800,12386,5,1e+07
21,"Solitaire",0.4,0,241434,65691,20182,7769,17376,5,1e+07
22,"Poker Heat‚Ñ¢ - Free Texas Holdem Poker Games",0.2,0,279434,46745,11603,5876,29884,5,5e+06
23,"Solitaire",0.1,0,297701,67830,20540,4800,12386,5,1e+07
23,"Solitaire",0.1,0,241434,65691,20182,7769,17376,5,1e+07
24,"Dummy & Toon Poker Texas slot Online Card Game",0.1,0,257688,35649,17769,7549,31379,5,5e+06
25,"PokerStars: Free Poker Games with Texas Holdem",0.2,0,226350,33959,12165,8180,56702,5,1e+07
26,"ÌîºÎßù Îâ¥ÎßûÍ≥† : Í≥†Ïä§ÌÜ±ÏúºÎ°ú ÎåÄÌïúÎØºÍµ≠ 1Îì±",0.2,0,183861,41538,23752,9892,64071,5,5e+06
27,"Spider Solitaire",0.1,0,245984,49788,9036,2286,5621,5,1e+07
28,"Order & Chaos Duels",0,0,205329,59547,18575,7013,21299,5,1e+06
29,"Conquian Zingplay: el mejor juego de cartas gratis",3.6,0,256974,32056,10423,2561,5261,5,1e+06
30,"GWENT: The Witcher Card Game",2.7,0,242077,41812,8352,3343,10346,5,1e+06
31,"Spades Plus - Card Game",0.4,0,237226,24629,11782,6338,23126,5,1e+07
32,"Governor of Poker 2 - OFFLINE POKER GAME",0.1,0,182578,41909,20389,10034,34482,5,5e+06
33,"Callbreak Multiplayer",0.8,0,181358,27280,18064,11478,43023,5,5e+07
34,"Buraco Canasta Jogatina: Card Games For Free",0.3,0,174842,36811,18560,8567,23068,5,1e+07
35,"Governor of Poker 3 - Free Texas Holdem Card Games",1.1,0,185646,26731,10004,5815,29963,5,5e+06
38,"Texas Hold'em & Omaha Poker: Pokerist",0.5,0,158710,26096,11836,6062,40315,5,1e+07
39,"Indian Rummy - Play Rummy Game Online",0.5,0,154997,28244,14716,7348,31983,5,1e+07
40,"RummyCircle - Play Indian Rummy Online | Card Game",0.3,0,151592,29078,11161,5684,32104,5,1e+07
41,"FreeCell Solitaire",0.7,0,166986,43722,8461,2424,6156,5,1e+07
42,"Spades Free",0.1,0,153066,44243,13048,4969,9078,5,5e+06
43,"Absolute Bingo- Free Bingo Games Offline or Online",2,0,172564,27565,9081,3057,7443,5,1e+07
44,"TopFun Domino QiuQiu:Domino99 (KiuKiu)",0.9,0,140865,13924,11882,7214,33824,5,5e+06
45,"Durak",0.1,0,146008,24164,8008,4179,19905,5,5e+06
46,"Spades Royale - Best Online Spades Card Games App",2,0,167188,13872,6881,3545,9787,5,1e+06
47,"Solitaire TriPeaks Journey - Free Card Game",2.4,0,150157,28419,11648,3113,5132,5,5e+06
48,"Scopa - Free Italian Card Game Online",1.1,0,115303,19763,10016,6767,35868,5,5e+06
50,"Mango Capsa Susun",0.2,0,97021,13857,10667,6218,46130,5,5e+06
51,"Microsoft Solitaire Collection",1.4,0,131365,20319,7452,4075,9839,5,5e+06
52,"Solitaire",0.2,0,135829,21802,6771,2217,5592,5,5e+06
52,"Solitaire",0.2,0,121654,32118,6419,1279,3109,5,5e+06
52,"Solitaire",0.2,0,120414,24300,4744,1166,2870,5,5e+06
53,"Soccer Spirits",0,0,112217,21021,10406,6267,20882,5,1e+06
54,"Solitaire",0,0,135829,21802,6771,2217,5592,5,5e+06
54,"Solitaire",0,0,121654,32118,6419,1279,3109,5,5e+06
54,"Solitaire",0,0,120414,24300,4744,1166,2870,5,5e+06
55,"Polskie Z≈Çote Zdrapki",0.1,0,123647,22528,8705,2558,5966,5,1e+06
56,"Belote.com - Free Belote Game",3.2,0,108705,32225,10481,3267,6844,5,1e+06
57,"Truco ZingPlay: Jogo de cartas online gr√°tis",0.2,0,117610,10123,6545,3872,17131,5,1e+06
59,"Fairway Solitaire - Card Game",1,0,113812,23950,7325,2352,5132,5,5e+06
60,"Dummy Hero",0.1,0,102146,25728,12919,2965,7877,5,1e+06
61,"‡πÑ‡∏û‡πà‡πÅ‡∏Ñ‡∏á - ‡∏°‡∏µ‡∏î‡∏±‡∏°‡∏°‡∏µ‡πà ‡∏õ‡πä‡∏≠‡∏Å‡πÄ‡∏î‡πâ‡∏á ‡πÑ‡∏Æ‡πÇ‡∏• ‡πÄ‡∏Å‡πâ‡∏≤‡πÄ‡∏Å",1.8,0,123486,9793,5810,2535,7327,5,5e+06
62,"Solitaire Collection",2.1,0,123397,16423,3836,1405,3358,5,5e+06
63,"Solitaire Free Game",1.9,0,134222,7688,2384,1132,2940,5,5e+06
64,"Reigns",0.1,2.99,108627,25330,5696,2743,4105,5,5e+05
65,"The Elder Scrolls: Legends",0.1,0,86241,19241,9740,5699,22478,5,1e+06
66,"Solitaire Classic",1.3,0,113139,19002,5459,1626,4012,5,5e+06
67,"Spider Solitaire",0.5,0,103974,22432,6574,1613,4811,5,1e+07
67,"Spider Solitaire",0.5,0,92957,20349,4987,1306,3760,5,1e+07
68,"Solitaire",1.8,0,111502,14062,5380,2108,5350,5,1e+07
69,"‰∏âÂúãÊÆ∫ÂêçÂ∞áÂÇ≥",0.2,0,91660,18580,10991,3630,11946,5,5e+05
70,"Rummy 45 - Remi Etalat",1.2,0,115261,11793,3907,1325,3957,5,1e+06
71,"Classic Solitaire",0.2,0,101860,25175,4034,1378,3475,5,1e+06
72,"Eredan Arena PVP",0,0,97334,11624,5407,3598,9645,5,1e+06
73,"Îâ¥ ÌïúÌåê ÎßûÍ≥† (Îç∞Ïù¥ÌÑ∞ ÌïÑÏöîÏóÜÎäî Î¨¥Î£å Í≥†Ïä§ÌÜ±)",0,0,76270,26367,12236,3600,9114,5,1e+06
74,"Descarte",0.3,0,82726,19790,9530,3686,10369,5,5e+06
75,"Spider Solitaire",1.2,0,103974,22432,6574,1613,4811,5,1e+07
75,"Spider Solitaire",1.2,0,92957,20349,4987,1306,3760,5,1e+07
76,"Pok√©mon TCG Online",1.3,0,83916,13702,6546,3118,11593,5,5e+06
77,"Texas Holdem Poker Pro",0,0,71102,19586,9803,2838,13411,5,5e+06
78,"Ïï†ÎãàÌå° ÎßûÍ≥†",0.6,0,58449,17142,13257,6354,21037,5,1e+06
80,"Â§ßÂØåË±™BEST",0,0,63094,32072,11980,1960,4470,5,1e+06
81,"ÌîºÎßù ÏÑØÎã§",0.2,0,75164,15699,7670,2802,11948,5,1e+06
82,"BlackJack 21 - Online Blackjack multiplayer casino",0.2,0,84000,12556,4172,2046,10380,5,5e+06
83,"Belote Multiplayer",1.6,0,63580,31441,10061,2034,4567,5,1e+06
84,"Batak HD - ƒ∞nternetsiz Batak",0.3,0,67556,14098,8377,3165,14298,5,1e+07
85,"LG Smart Truco",0.2,0,68699,14918,7598,3874,10914,5,5e+06
86,"ÌïúÍ≤åÏûÑ Ïã†ÎßûÍ≥† : ÎåÄÌïúÎØºÍµ≠ ÏõêÏ°∞ Í≥†Ïä§ÌÜ±",1,0,62320,14376,7997,3364,17531,5,1e+06
87,"Solitaire TriPeaks Adventure - Free Card Game",0.7,0,93175,6607,2388,1084,2258,5,1e+06
88,"Spider Solitaire",0.4,0,80062,17295,3387,1438,3317,5,5e+06
89,"Gin Rummy Free",0.2,0,66055,25439,6754,1688,3706,5,1e+06
90,"Mega Hit Poker: Texas Holdem",2.9,0,74275,13505,4405,1644,7465,5,1e+06
91,"Solitaire: Super Challenges",0.3,0,69721,20324,5572,1248,3735,5,1e+06
92,"Solitaire - Make Free Money & Play the Card Game",1.6,0,66082,14577,8338,2855,6875,5,1e+06
93,"Solitaire",0.5,0,65524,11878,5610,4452,10950,5,1e+07
93,"Solitaire",0.5,0,82855,7921,2670,1141,3146,5,1e+07
93,"Solitaire",0.5,0,78790,5954,1902,956,2425,5,1e+07
95,"Cribbage Classic",0.8,0,67982,20921,3342,1346,2145,5,1e+06
96,"Solitaire Tripeaks: Farm Adventure",2.1,0,70322,13475,5430,1726,3294,5,1e+06
97,"Tien Len - Southern Poker",0.1,0,66945,9827,9038,2059,6038,5,1e+07
98,"Otogi: Spirit Agents",0,0,59868,16329,6839,2379,6219,5,1e+06
99,"Epic Cards Battle(TCG)",0,0,56325,19524,8896,2109,3731,5,1e+06
3,"Teen Patti Gold ‚Äì Indian Family Card Game",0.8,0,1185864,112435,46330,23783,130564,6,5e+07
4,"Teen Patti by Octro - Indian Poker Card Game",0.1,0,1080016,109806,68325,41191,188229,6,5e+07
5,"Coin Dozer: Sweepstakes",0.3,0,1103596,155813,83125,33116,100935,6,5e+07
6,"House of Fun: Free Casino Slots & Casino Games",0.6,0,1051216,176597,80629,28236,58482,6,1e+07
7,"Scatter Slots - Las Vegas Casino Game 777 Online",1.1,0,914805,201226,77522,14075,27551,6,1e+07
9,"Jackpot Party Casino Games: Spin FREE Casino Slots",0.9,0,658045,149715,51754,13672,34257,6,1e+07
10,"Cash Frenzy‚Ñ¢ Casino ‚Äì Free Slots Games",2,0,664863,75609,26264,10717,34047,6,1e+07
11,"myVEGAS Slots: Las Vegas Casino Games & Slots",0.1,0,555658,100193,37189,15356,40242,6,1e+07
12,"Huuuge Casino Slots - Best Slot Machines",0.7,0,525806,87637,42055,19254,73019,6,1e+07
13,"DoubleU Casino - Free Slots",0.7,0,454055,93991,47200,19253,41830,6,1e+07
14,"Jackpot Slot Machines - Slots Era‚Ñ¢ Vegas Casino",0.9,0,467998,104943,37982,7955,19345,6,5e+06
15,"Caesars Casino: Casino & Slots For Free",0.9,0,415148,72947,38437,19398,60018,6,1e+07
16,"DH Texas Poker - Texas Hold'em",0,0,380202,79680,41608,16803,65105,6,1e+07
17,"Gold Fish Casino Slots - FREE Slot Machine Games",0.4,0,460009,43505,14664,7387,28133,6,5e+06
18,"BLACKJACK!",0,0,392347,100886,26522,5634,19210,6,1e+07
19,"Hit it Rich! Lucky Vegas Casino Slot Machine Game",0.2,0,341161,68553,31256,15138,34501,6,5e+06
20,"Wizard of Oz Free Slots Casino",0.7,0,374056,56431,20691,7809,18953,6,1e+07
21,"Dummy ‡∏î‡∏±‡∏°‡∏°‡∏µ‡πà ‡πÑ‡∏û‡πà‡πÅ‡∏Ñ‡∏á ‡πÄ‡∏Å‡∏°‡πÑ‡∏û‡πà‡∏ü‡∏£‡∏µ",1.2,0,361433,47345,27520,8884,21381,6,1e+07
22,"Full House Casino - Free Vegas Slots Machine Games",0,0,367099,33299,22236,6989,25181,6,5e+06
23,"Slots (Golden HoYeah) - Casino Slots",0.4,0,295449,50195,34082,13142,34489,6,1e+07
24,"Luxy Poker-Online Texas Holdem",0.4,0,298409,43575,25216,10824,41930,6,5e+06
25,"Vegas Slots - DoubleDown Casino",0.6,0,286103,55598,25042,14793,35750,6,1e+07
26,"Big Fish Casino - Play Slots and Casino Games",0,0,304175,52497,17452,6363,21768,6,1e+07
27,"Texas HoldEm Poker Deluxe",0,0,280763,56584,27307,9045,28077,6,1e+07
28,"‡πÄ‡∏Å‡πâ‡∏≤‡πÄ‡∏Å‡πÑ‡∏ó‡∏¢",0.1,0,309026,26528,16903,8426,32708,6,1e+07
29,"Big Time Cash. Make Money Free",1.4,0,269406,48602,28089,10022,36953,6,1e+07
30,"Cashman Casino: Casino Slots Machines! 2M Free!",1.1,0,280190,46244,20966,9989,25846,6,1e+07
31,"Slots: Heart of Vegas‚Ñ¢ ‚Äì Free Casino Slots Games",0.4,0,257625,46217,23064,11368,36720,6,1e+07
32,"Casino Jackpot Slots - Infinity Slots‚Ñ¢ 777 Game",0.1,0,278020,55733,18514,4394,10475,6,1e+06
33,"my KONAMI Slots - Casino Games & Fun Slot Machines",0.9,0,245762,46592,21632,9772,23191,6,5e+06
34,"Tycoon Casino Free Slots: Vegas Slot Machine Games",1,0,288491,16223,6933,3226,11608,6,5e+06
35,"POP! Slots ‚Ñ¢- Free Vegas Casino Slot Machine Games",1.6,0,238209,24271,13368,8406,39117,6,1e+07
36,"GSN Casino: New Slots and Casino Games",0.2,0,218480,35402,19799,10788,32186,6,1e+07
37,"Slots Pharaoh's Way Casino Games & Slot Machine",0.1,0,252622,34018,12642,4267,12552,6,1e+07
38,"Ti·∫øn l√™n Mi·ªÅn Nam - Ti·∫øn L√™n - tien len - ZingPlay",1,0,246164,13179,6380,3768,32598,6,1e+07
39,"È∫ªÂ∞á ÊòéÊòü3Áº∫1È∫ªÂ∞á‚ÄìÂè∞ÁÅ£16ÂºµÈ∫ªÂ∞áMahjong „ÄÅSLOT„ÄÅPoker",0.5,0,206958,29858,13254,4898,34826,6,5e+06
42,"Billionaire Casino Slots - The Best Slot Machines",1.5,0,194536,29405,12872,5600,23824,6,1e+07
43,"Quick Hit Casino Games - Free Casino Slots Games",0.5,0,187296,36299,18329,5050,14673,6,1e+07
44,"NEW SLOTS 2021Ôºçfree casino games & slot machines",1.1,0,216166,23601,8677,2869,9916,6,5e+06
45,"Jackpot World‚Ñ¢ - Free Vegas Casino Slots",3.2,0,196111,31580,12390,3736,13411,6,5e+06
46,"Á•û‰æÜ‰πüÈ∫ªÂ∞áÔºçÈ∫ªÂ∞á„ÄÅÈ∫ªÈõÄ",0.6,0,185875,25178,9258,3404,27786,6,5e+06
49,"‡πÑ‡∏û‡πà‡πÄ‡∏ó‡πá‡∏Å‡∏ã‡∏±‡∏™‡πÇ‡∏ö‡∏¢‡πà‡∏≤-Boyaa Texas Poker ‡πÇ‡∏õ‡πä‡∏Å‡πÄ‡∏Å‡∏≠‡∏£‡πå‡∏°‡∏∑‡∏≠‡πÇ‡∏õ‡∏£",0.1,0,160491,22448,10939,3583,13245,6,5e+06
50,"Gaminator Casino Slots - Play Slot Machines 777",1.3,0,166629,16366,6522,3341,17015,6,5e+06
51,"GameTwist Casino Slots: Play Vegas Slot Machines",1.2,0,150606,20686,11351,5321,20826,6,1e+07
52,"Double Win Casino Slots - Free Video Slots Games",1.2,0,171828,18260,7274,2634,6935,6,1e+06
53,"UTP - Ultimate Teen Patti (3 Patti)",0.3,0,146519,19097,7418,4029,29765,6,1e+07
54,"Free Slot Machines with Bonus Games!",0.3,0,188876,7861,3876,1265,4334,6,5e+06
55,"Hot Shot Casino Free Slots Games: Real Vegas Slots",0.2,0,147321,26969,13889,3751,11524,6,5e+06
56,"Slot Machines - Free Vegas Slots Casino",0.6,0,168530,8722,4938,2379,11849,6,5e+06
57,"Bingo Tycoon",0,0,127862,19866,11819,6229,23889,6,1e+07
58,"Coin Dozer: Casino",0.5,0,140249,20511,10115,3618,7016,6,5e+06
59,"Willy Wonka Slots Free Casino",0.8,0,136961,21328,8019,2828,7830,6,1e+06
60,"MONOPOLY Slots Free Slot Machines & Casino Games",1.2,0,137808,11815,5198,3418,17223,6,5e+06
61,"88 Fortunes Casino Games & Free Slot Machine Games",0.8,0,152778,8558,3497,1713,7881,6,1e+06
62,"Slots Free - Big Win Casino‚Ñ¢",0,0,126641,21236,10953,4057,10483,6,5e+06
63,"Pmang Poker : Casino Royal",0.4,0,105459,26234,13027,4149,22195,6,5e+06
64,"Slots Casino - Jackpot Mania",0.3,0,144188,10372,4778,2160,7973,6,5e+06
65,"Roulette Royale - FREE Casino",1.4,0,118927,19216,10587,5279,15387,6,1e+07
66,"Slotpark - Online Casino Games & Free Slot Machine",1.5,0,119330,18420,8458,3905,17025,6,5e+06
67,"Bingo by Alisa - Free Live Multiplayer Bingo Games",0,0,119094,21254,7367,2113,4266,6,1e+06
68,"Poker Texas Boyaa",0.1,0,84888,14103,13243,5677,28506,6,5e+06
69,"Let's Vegas Slots - Casino Slots",0.1,0,97688,16991,8575,3408,19369,6,1e+06
70,"Scratch Day",0.3,0,87790,17576,12977,5672,21228,6,5e+06
72,"C·ªïng game ZingPlay - Game b√†i - Game c·ªù - Ti·∫øn l√™n",1.3,0,93435,7709,4657,2652,30147,6,1e+07
73,"Slots: Get Rich Free Slots Casino Games Offline",0.6,0,125159,5459,2319,1049,3919,6,1e+06
74,"Blackjack 21",0,0,93065,17190,6716,3857,16790,6,1e+06
75,"‡πÑ‡∏Æ‡πÇ‡∏•‡∏û‡∏∑‡πâ‡∏ô‡∏ö‡πâ‡∏≤‡∏ô Hilo - ‡∏£‡∏ß‡∏°‡πÄ‡∏Å‡∏°‡∏î‡∏±‡∏°‡∏°‡∏µ‡πà ‡πÑ‡∏Æ‡πÇ‡∏• ‡πÑ‡∏û‡πà‡∏™‡∏•‡∏≤‡∏ü ‡∏Ø‡∏•‡∏Ø",0.1,0,99806,11947,6958,2839,13816,6,1e+06
76,"Rock N' Cash Casino Slots -Free Vegas Slot Games",3.2,0,98052,19039,8788,2448,4797,6,1e+06
77,"Bingo Journey - Lucky & Fun Casino Bingo Games",1.9,0,98883,18304,8323,2473,4548,6,1e+06
78,"Best Casino Free Slots: Casino Slot Machine Games",0,0,85194,22081,10690,4120,9550,6,1e+06
79,"Jackpot Magic Slots‚Ñ¢: Social Casino & Slot Games",0,0,88624,15623,6562,2768,12088,6,5e+06
80,"Slots Vacation - FREE Slots",0.2,0,91547,14749,7199,3289,8479,6,5e+06
81,"Free Slots!",1.1,0,109036,5206,2358,939,3017,6,5e+06
83,"Free Slots Casino - Adventures",0,0,103602,5880,2003,797,4515,6,1e+06
84,"‡πÑ‡∏û‡πà‡πÅ‡∏Ñ‡∏á-‡∏£‡∏ß‡∏°‡∏î‡∏±‡∏°‡∏°‡∏µ‡πàdummy ‡∏õ‡πä‡∏≠‡∏Å‡πÄ‡∏î‡πâ‡∏á ‡πÄ‡∏Å‡πâ‡∏≤‡πÄ‡∏Å‡πÑ‡∏ó‡∏¢ ‡πÄ‡∏Å‡∏°‡πÑ‡∏û‡πà‡∏ü‡∏£‡∏µ",1.4,0,100686,7277,4447,1508,2780,6,1e+06
85,"myVEGAS Blackjack 21 - Free Vegas Casino Card Game",0.1,0,93670,13377,3196,1618,4655,6,1e+06
86,"Bingo Holiday: Free Bingo Games",0.8,0,89246,15887,5739,1709,3299,6,1e+06
88,"SLOTS - Black Diamond Casino",0.1,0,79670,14806,3721,2015,7024,6,1e+06
89,"Winning Slots casino games:free vegas slot machine",0.5,0,84301,6325,3801,2773,9329,6,5e+06
91,"‡πÑ‡∏û‡πà‡πÄ‡∏ó‡πá‡∏Å‡∏ã‡∏±‡∏™‡πÑ‡∏ó‡∏¢ HD",0,0,78185,10290,5224,1978,7602,6,1e+06
93,"Vegas Downtown Slots‚Ñ¢ - Slot Machines & Word Games",0,0,76788,11130,5196,2333,6862,6,1e+06
94,"Jackpot Poker by PokerStars‚Ñ¢ ‚Äì FREE Poker Online",0.3,0,72149,11548,3639,1749,11808,6,1e+06
96,"Bingo‚Ñ¢",0,0,71902,12048,6509,2569,6409,6,5e+06
97,"Slots on Tour Casino - Vegas Slot Machine Games HD",0.2,0,78485,14278,3377,739,1958,6,5e+05
98,"‡∏î‡∏±‡∏°‡∏°‡∏µ‡πà‡πÑ‡∏ó‡∏¢‡πÅ‡∏•‡∏ô‡∏î‡πå-‡∏£‡∏ß‡∏°‡πÑ‡∏û‡πà‡πÅ‡∏Ñ‡∏á ‡πÄ‡∏Å‡πâ‡∏≤‡πÄ‡∏Å ‡πÑ‡∏Æ‡πÇ‡∏• ‡πÄ‡∏Å‡∏°‡πÑ‡∏û‡πà‡∏ü‡∏£‡∏µ",3.1,0,85841,3886,2085,855,2331,6,1e+06
99,"Spin Day - Win Real Money",0.1,0,48360,8091,7458,4906,25768,6,1e+06
100,"Old Vegas Slots ‚Äì Classic Slots Casino Games",0.2,0,78573,7148,2949,1389,4249,6,1e+06
28,"Dumb Ways to Die 2: The Games",0.1,0,1265899,194458,107736,45362,166366,7,1e+08
30,"Candy Crush Friends Saga",0.8,0,1248261,240440,82183,26117,59105,7,5e+07
31,"Family Farm Seaside",0.3,0,1195262,134471,76803,43785,164334,7,5e+07
32,"Pirate Kings‚Ñ¢Ô∏è",0.1,0,1050004,141321,63912,32915,139163,7,1e+07
33,"MY LITTLE PONY: Magic Princess",0.2,0,980502,145735,80907,46068,173955,7,5e+07
36,"Blossom Blast Saga",0.2,0,954263,190627,81072,27703,68933,7,5e+07
37,"Diamond Digger Saga",0,0,882652,199954,79809,18828,35899,7,1e+07
39,"My Talking Hank",0.9,0,794537,95246,60467,38517,123994,7,1e+08
40,"Papa Pear Saga",0,0,812935,144103,64586,23149,54639,7,5e+07
42,"My Boo: Your Virtual Pet Game To Care and Play",0.3,0,781989,107458,46194,17055,51687,7,1e+07
43,"Burger",0.1,0,690404,101286,60344,21720,70165,7,5e+07
44,"Smurfs' Village",0.1,0,729621,81455,45412,19479,64153,7,1e+07
45,"Puppy Town - Merge & Win",3.3,0,650256,69216,30950,19507,169127,7,5e+07
46,"My Dolphin Show",0.5,0,670484,97397,56072,26616,82079,7,5e+07
47,"Save The Girl",1.5,0,559592,79195,64593,50536,174321,7,1e+08
48,"Green Farm 3",0.4,0,567205,114605,76366,38368,121214,7,1e+07
49,"Rodeo Stampede: Sky Zoo Safari",0.4,0,565464,120707,68900,31812,87070,7,1e+07
50,"Stickman Warriors",0.2,0,586328,90434,60186,27623,107769,7,5e+07
51,"Good Pizza, Great Pizza",2.8,0,613728,112173,52293,24120,63971,7,5e+07
52,"Bubble Shooter",1.4,0,604830,114918,54305,22889,60343,7,1e+08
53,"Bubbu ‚Äì My Virtual Pet",2,0,641650,61957,31403,19369,63166,7,5e+07
54,"Jewels Star",0,0,509966,143137,66340,22393,38164,7,5e+07
55,"Let's Create! Pottery Lite",0.3,0,526515,85256,54547,29018,77666,7,1e+07
56,"BTS WORLD",0.7,0,678632,38323,15403,7327,30417,7,1e+07
58,"Covet Fashion - Dress Up Game",0.2,0,413732,146967,64962,33766,88977,7,1e+07
59,"World Chef üç∞üçîüçùüçì",0.1,0,516082,90645,43043,17297,44779,7,1e+07
60,"What if..",0,0,553124,94327,21235,5076,11842,7,5e+06
61,"Virtual Families 2",0,0,431803,90825,55961,24391,75649,7,1e+07
62,"Angry Birds POP Bubble Shooter",0.2,0,493581,81642,38377,15600,38837,7,1e+07
63,"The Simpsons‚Ñ¢: Tapped Out",0,0,484377,78121,35161,17295,50058,7,1e+07
64,"Tic Tac Toe Glow",2,0,442539,74732,49536,24389,70599,7,1e+08
65,"Wonder Zoo - Animal rescue !",0.2,0,451989,82929,43740,19634,58593,7,1e+07
66,"Furby BOOM!",0,0,497926,57351,30178,13556,56253,7,1e+07
67,"Plants vs. Zombies‚Ñ¢ 2 Free",0.3,0,466872,78013,34252,16911,49605,7,1e+07
68,"Shopping Mall Girl - Dress Up & Style Game",0.9,0,440544,54234,38730,25077,81600,7,5e+07
69,"Twist Hit!",0,0,455933,74231,44239,16811,36197,7,1e+07
70,"Plants vs. Zombies‚Ñ¢ Heroes",1.1,0,433969,70396,36180,18379,62448,7,1e+07
71,"Hello Kitty Nail Salon",1.5,0,427796,46115,30763,21759,83018,7,1e+08
72,"Moy 3 üêô Virtual Pet Game",0,0,462873,58916,33280,11739,36507,7,1e+07
73,"Fish Live",0,0,458456,64170,35837,11033,32300,7,1e+07
74,"Cow Evolution: Crazy Cow Making Idle Merge Games",0.2,0,445665,65483,25062,9553,22344,7,1e+07
75,"BlockBuild: Craft Your Dream World",0.1,0,364422,55155,39091,19680,88892,7,1e+07
76,"Board Kings‚Ñ¢Ô∏è - Online Multiplayer Board Game",2.6,0,421578,54023,26027,15201,49828,7,1e+07
77,"Paradise Island 2: Hotel Game",0.5,0,393198,118361,23060,7866,21091,7,5e+06
78,"Moy 2 üêô Virtual Pet Game",0.2,0,390341,49797,35313,15723,47939,7,1e+07
79,"Lost Island: Adventure Quest & Magical Tile Match",0.6,0,387570,84706,31210,10583,20737,7,1e+07
80,"Stupid Zombies 3",0.2,0,391151,63222,33625,11914,29547,7,1e+07
82,"Dumb Ways to Die",0.3,0,329067,64499,41717,21493,61760,7,5e+07
83,"Farm Town: Happy farming Day & food farm game City",0.6,0,364260,52175,34067,17048,46086,7,1e+07
84,"Bubble Shooter",0.4,0,352612,64166,35874,15964,41359,7,1e+08
84,"Bubble Shooter",0.4,0,335314,60059,31369,14339,40569,7,1e+08
85,"Fruit Block - Puzzle Legend",1,0,331666,74775,48400,15714,30851,7,1e+07
86,"Island Experiment",0,0,220936,146987,82298,15011,32240,7,1e+07
89,"Bubble Shooter",0.7,0,352612,64166,35874,15964,41359,7,1e+08
89,"Bubble Shooter",0.7,0,335314,60059,31369,14339,40569,7,1e+08
90,"Moy üêô Virtual Pet Game",0.1,0,334739,45217,31281,13596,50226,7,1e+07
91,"Moy 4 üêô Virtual Pet Game",0.2,0,355913,44709,26473,11737,36151,7,1e+07
92,"HappyFish",0,0,348423,68635,30331,5305,16264,7,1e+06
93,"Restaurant Story‚Ñ¢",0,0,305532,62585,38610,15910,38620,7,1e+07
94,"Cooking Dash",0.1,0,279121,72996,41816,20633,43494,7,1e+07
95,"Gacha Studio (Anime Dress Up)",0.6,0,272847,45974,33678,22449,80938,7,1e+07
96,"Moy 5 - Virtual Pet Game",0.3,0,334313,41595,24035,13331,42391,7,1e+07
97,"LINE ÊóÖÈÅäÂ§ß‰∫®",0,0,226402,43479,36352,17761,120033,7,5e+06
98,"Little Big City 2",0.4,0,259645,61407,38524,19077,60868,7,1e+07
100,"Kids Doodle - Color & Draw Free Game",0.1,0,310114,47203,25825,10204,36649,7,5e+07
3,"Cooking Mama: Let's cook!",0.6,0,555043,65904,40083,22812,65416,8,5e+07
4,"Áü•Ë≠òÁéã",0,0,395439,71626,37915,15445,50899,8,1e+06
5,"Animal Jam",0.4,0,328964,67727,36670,19022,63170,8,1e+07
7,"Mandala Coloring Pages",0.5,0,222142,37937,21468,13408,36517,8,5e+07
8,"Baby Panda's Supermarket",2.8,0,211215,18039,11619,9565,34114,8,1e+08
9,"Masha and the Bear. Educational Games",2.8,0,135299,15707,11313,8966,30082,8,1e+08
13,"LEGO¬Æ DUPLO¬Æ Train",0,0,129717,16472,12731,5767,20513,8,1e+07
15,"Pepi Super Stores: Fun & Games",3.4,0,124157,14444,9288,7722,25576,8,1e+07
16,"Little Panda's Restaurant",2.7,0,126840,10536,6749,5238,17196,8,5e+07
17,"Baby Panda Care",1.2,0,110431,11763,7798,6690,21359,8,5e+07
18,"Ë∂ÖÁ¥öÂñÆÂ≠óÁéã - Ëã±Ê™¢„ÄÅÂ§öÁõä„ÄÅÊâòÁ¶è ËºïÈ¨ÜÂ≠∏",0.6,0,148058,6185,1428,369,879,8,5e+05
22,"Baby Panda's Fashion Dress Up Game",3.3,0,105098,8693,6007,4956,18200,8,5e+07
24,"My Town : Police Station. Policeman Game for Kids",2.9,0,93045,10292,7361,6377,19014,8,1e+07
25,"Baby Panda‚Äôs Ice Cream Shop",1.9,0,100721,8668,6348,4759,14697,8,1e+07
26,"Meow Meow Star Acres",0.1,0,103440,13930,7255,2758,7774,8,1e+06
29,"Supermarket: Shopping Games for Kids",2.2,0,92392,8105,5231,4236,18339,8,1e+07
31,"Little Panda's Chinese Recipes",2.4,0,93467,8256,5015,3819,13083,8,1e+07
36,"Make-Up Me: Superstar",0,0,76034,12775,7076,2185,8024,8,1e+07
38,"Left vs Right: Brain Games for Brain Training",0.7,0,75230,19812,5497,1769,3748,8,5e+06
39,"Multiplication Table Kids Math",0,0,74370,10963,5881,2037,9985,8,1e+07
40,"MentalUP - Learning Games & Brain Games",3.1,0,85024,4446,1678,949,5365,8,1e+06
41,"Math Exercises for the brain, Math Riddles, Puzzle",3.5,0,72413,13229,4889,1527,4145,8,5e+06
43,"Make-Up Me",0.1,0,55785,8711,7402,4195,14495,8,1e+07
44,"Little Panda‚Äôs Summer: Ice Cream Bars",2.5,0,69615,5547,4057,2558,8255,8,1e+07
45,"LEGO¬Æ DUPLO¬Æ Town",0,0,55931,7417,5634,4400,16257,8,1e+07
46,"Bini Super ABC! Preschool Learning Games for Kids!",3.4,0,64689,9702,3577,1883,5223,8,1e+07
47,"My Town : Fashion Show",1.8,0,59048,7047,4001,3195,10013,8,1e+07
49,"Little Panda's Farm Story",3.1,0,62452,5173,3495,2423,7527,8,1e+07
50,"Little Panda: Princess Dress Up",1.8,0,56822,5443,3957,3389,11424,8,1e+07
51,"–°–∫–∞–∑–∫–∏ –∏ —Ä–∞–∑–≤–∏–≤–∞—é—â–∏–µ –∏–≥—Ä—ã –¥–ª—è –¥–µ—Ç–µ–π, –º–∞–ª—ã—à–µ–π",0.9,0,70467,6072,1658,719,1797,8,1e+06
53,"Baby Panda's Carnival - Christmas Amusement Park",2.4,0,58938,5015,3207,2387,8522,8,1e+07
54,"„Åª„Åó„ÅÆÂ≥∂„ÅÆ„Å´„ÇÉ„Çì„Åì",0.2,0,42599,14699,9073,3327,8204,8,1e+06
55,"Jungle Animal Hair Salon - Styling Game for Kids",0.6,0,46408,6512,5453,4195,13245,8,1e+07
56,"Beauty Hair Salon: Fashion SPA",0,0,45294,6858,6029,3703,13687,8,1e+07
57,"Monster Trucks Game for Kids 2",2.9,0,48466,6017,4752,3586,12542,8,5e+07
58,"Tailor Kids",0.1,0,53460,7275,6406,2105,6057,8,1e+07
59,"Snow Cone Maker - Frozen Foods",0.1,0,54461,6396,4837,1809,7646,8,1e+07
61,"Memory Games: Brain Training",0.3,0,43203,15449,6521,2386,5352,8,5e+06
62,"Moonzy. Kids Mini-Games",0.5,0,53978,4210,2339,1672,7952,8,1e+07
64,"Little Panda's Candy Shop",0.8,0,51490,4766,2881,2054,7149,8,1e+07
65,"Kids Animals Jigsaw Puzzles ‚ù§Ô∏èü¶Ñ",0.6,0,50050,6981,3036,1697,5603,8,1e+07
66,"Girls Hair Salon - Hairstyle makeover kids games",0.3,0,35732,7790,5700,3820,12290,8,5e+06
67,"Kids Educational Game 5",2.5,0,44440,5887,3528,2528,8406,8,1e+07
68,"Bini Drawing for Kids! Learning Games for Toddlers",2.4,0,43289,5877,3420,2356,8582,8,1e+07
69,"Trip to the zoo for kids",0,0,50570,5095,2667,959,3246,8,5e+06
71,"Math Games",0.6,0,41722,5593,3605,2247,8939,8,1e+07
72,"Bucha h·ªçc ti·∫øng Anh - T·ª´ v·ª±ng, Giao ti·∫øp, Ng·ªØ ph√°p",1.6,0,54610,4331,1182,397,1470,8,1e+06
73,"Cinderella - Story Games and Puzzles",0.2,0,43238,5403,3316,2017,7690,8,1e+06
75,"ABC Kids - Tracing & Phonics",1.2,0,44376,5622,3274,1691,6230,8,1e+07
79,"Libii Dentist",0,0,39247,5534,3978,1944,6910,8,1e+07
80,"Baby Panda‚Äôs Summer: Caf√©",3.1,0,42791,3636,2486,2021,6222,8,1e+07
81,"Halloween Makeup Me",0.1,0,37761,6032,3705,1937,6651,8,5e+06
82,"Baby Panda‚Äôs Color Mixing Studio",0.9,0,38852,3756,2630,2152,8460,8,1e+07
83,"My Baby Panda Chef",1.2,0,41292,2977,2368,2008,6395,8,1e+07
85,"Airport Professions: Fascinating games",0.7,0,40785,2714,1789,1620,6751,8,1e+07
87,"Masha and the Bear: Good Night!",2.4,0,36434,3309,2352,2173,7895,8,1e+07
88,"Animals Farm For Kids",0.1,0,41757,5069,1859,579,2309,8,5e+06
93,"Fairy Tales ~ Children‚Äôs Books, Stories and Games",0.5,0,37257,6717,2401,932,2778,8,1e+06
95,"Baby Phone - Games for Family, Parents and Babies",0,0,31361,10000,4066,1049,2937,8,5e+06
96,"Madagascar Surf n' Slides Free",0,0,30717,4685,4345,2307,7232,8,5e+06
99,"Sweet Baby Girl Summer Fun 2 - Sunny Makeover Game",3.2,0,33603,3485,2838,2051,6782,8,1e+07
100,"Sweet Baby Girl Daycare",0.1,0,33325,3995,3406,1638,6333,8,1e+07
3,"My Singing Monsters",0.3,0,1089404,129231,50394,21723,62384,9,1e+07
5,"Just Dance Now",0.5,0,636480,121675,81459,52725,191313,9,1e+07
6,"Dream Piano - Music Game",0.2,0,494049,66399,35831,17337,46499,9,5e+07
7,"Rock Hero",0,0,417024,83532,63936,16283,58937,9,5e+07
8,"Dancing Road: Color Ball Run!",2.7,0,413438,64995,42566,27709,87651,9,1e+08
9,"Real Guitar Free - Chords, Tabs & Simulator Games",0.4,0,345647,57138,43941,24981,132988,9,5e+07
10,"Cytus",0.1,0,463716,47774,17694,9966,31059,9,5e+06
11,"DEEMO",0.1,0,460854,43281,16062,7751,23423,9,5e+06
12,"SongPop",0,0,278623,59735,23680,12184,28913,9,1e+07
14,"Piano Music Go 2020: EDM Piano Games",2.1,0,275763,36288,19470,10782,31799,9,5e+07
15,"Music Hero - Rhythm Beat Tap",0,0,225397,54149,37918,16849,38228,9,1e+07
16,"Real Piano Teacher",0.2,0,292934,20624,13557,7187,27911,9,1e+07
17,"Beat Blade: Dash Dance",3.2,0,193501,41592,23143,11373,29971,9,1e+07
18,"Beat Fire - EDM Music & Gun Sounds",3,0,214693,24606,14314,7400,21795,9,1e+07
19,"Sonic Cat - Slash the Beats",1.9,0,227601,14388,6639,3279,12268,9,1e+07
20,"Drum Set Music Games & Drums Kit Simulator",0.6,0,141255,21716,15483,8830,64319,9,1e+07
21,"BEAT MP3 - Rhythm Game",0,0,135664,33533,30275,10115,30025,9,1e+07
22,"Dancing Ballz: Magic Dance Line Tiles Game",0.4,0,161608,25222,17428,9167,24904,9,1e+07
23,"Guitar Band Battle",0.7,0,146292,36227,18243,8414,25980,9,1e+07
24,"AVATAR MUSIK - Music and Dance Game",0.1,0,150988,15398,10974,6830,45646,9,5e+06
25,"Music Racer",0.7,0,141765,22948,14150,9437,27901,9,5e+06
26,"BEAT MP3 2.0 - Rhythm Game",0,0,125227,30694,21789,7716,22608,9,1e+07
27,"SuperStar SMTOWN",0.9,0,133295,24059,12299,6858,22102,9,5e+06
28,"Dot n Beat - Magic Music Game",0,0,144623,14306,8681,4575,16953,9,1e+07
29,"Piano Games - Free Music Piano Challenge 2020",0.2,0,90329,17684,12946,9136,35708,9,1e+07
30,"Hop Ball 3D: Dancing Ball on the Music Tiles",2.1,0,102229,15653,10302,6655,24391,9,5e+07
31,"Beat Craft",1,0,112496,21245,9078,3736,10453,9,5e+06
32,"Give It Up! - Jump to the Beat, Follow the Music!",0,0,103071,19294,9930,4126,14543,9,5e+06
33,"One More Line",0,0,85791,23965,13835,7282,18770,9,5e+06
34,"Tap Tap Music-Pop Songs",0.2,0,96074,12564,7795,5416,16616,9,1e+07
35,"SongPop 2 - Guess The Song",0.2,0,74593,19075,13053,8279,23030,9,5e+06
36,"My Singing Monsters: Dawn of Fire",0.5,0,101443,13994,5559,2315,6068,9,1e+06
38,"„Éê„É≥„Éâ„É™ÔºÅ „Ç¨„Éº„É´„Ç∫„Éê„É≥„Éâ„Éë„Éº„ÉÜ„Ç£ÔºÅ",0.8,0,88931,16859,7224,3347,9665,9,1e+06
40,"Dot n Beat - Test your hand speed",0.9,0,74005,13612,10826,6381,18566,9,1e+07
41,"Piano Magic Tiles Hot song - Free Piano Game",3.5,0,89710,10233,5935,2948,8625,9,1e+07
43,"Helix Crush",1.1,0,75413,10457,6898,4794,14933,9,1e+07
44,"Piano Solo - Magic Dream tiles game 4",0.2,0,59237,12422,9924,6791,24042,9,1e+07
45,"Magic Twist: Twister Music Ball Game",0.7,0,76944,9972,6905,3977,12850,9,1e+07
46,"Cytus II",1,1.99,86420,12246,4534,1999,4484,9,1e+06
47,"Just Dance Controller",0.8,0,58503,11196,7407,5028,24753,9,1e+07
48,"VOEZ",0.4,0,68238,16437,8053,3847,10092,9,1e+06
49,"„É©„Éñ„É©„Ç§„ÉñÔºÅ„Çπ„ÇØ„Éº„É´„Ç¢„Ç§„Éâ„É´„Éï„Çß„Çπ„ÉÜ„Ç£„Éê„É´Ôºà„Çπ„ÇØ„Éï„Çß„ÇπÔºâ - Â§ß‰∫∫Ê∞ó„É™„Ç∫„É†„Ç≤„Éº„É†",0,0,73633,12237,6638,3819,9557,9,1e+06
50,"Au Mobile VTC ‚Äì Game nh·∫£y Audition",0.1,0,44324,6906,6996,5536,40117,9,5e+06
51,"UniPad",0.1,0,66375,10573,6733,3431,14863,9,5e+06
52,"TunesHolic",0,0,67064,18868,6799,2159,4209,9,1e+06
53,"BanG Dream! Girls Band Party!",2.1,0,77442,10054,3814,1797,4752,9,1e+06
55,"Drum set",0,0,64373,12251,8926,3554,8227,9,1e+07
56,"Piano Magic Tiles Pop Music 2",2.4,0,61225,9038,5761,3645,12366,9,1e+07
57,"Piano Master 2",0,0,56157,12078,6433,3226,8811,9,1e+07
58,"SuperStar JYPNATION",2,0,57200,10366,5288,2958,8677,9,1e+06
59,"Piano - Play & Learn Music",2.2,0,51746,6528,5222,3986,16514,9,1e+07
61,"Piano Games Mini: Music Instrument & Rhythm",1,0,59728,6698,4096,2492,8801,9,1e+07
62,"LIT killah: The Game",2,0,61861,7048,2761,1702,5731,9,1e+06
63,"Rock vs Guitar Legends 2017 HD",0.1,0,37310,8913,10270,2974,11548,9,5e+06
64,"Love Live! School idol festival - Èü≥Ê®ÇÁØÄÂ•èÈÅäÊà≤",0,0,51360,7677,4178,1849,5947,9,1e+06
65,"Beat Bop: Pop Star Clicker",0.1,0,51188,9066,5367,1039,2478,9,1e+05
66,"Don't Forget the Lyrics",1.6,0,39263,11047,6480,3409,7089,9,5e+06
67,"„Ç¢„Ç§„Éâ„É´„Éû„Çπ„Çø„Éº „Ç∑„É≥„Éá„É¨„É©„Ç¨„Éº„É´„Ç∫ „Çπ„Çø„Éº„É©„Ç§„Éà„Çπ„ÉÜ„Éº„Ç∏",0.2,0,44927,8420,4334,2077,5213,9,1e+06
68,"6ix9ine Runner",2.3,0,52372,4367,1969,1074,4865,9,5e+06
69,"Drum kit (Drums) free",0.1,0,38339,6594,5467,2404,7971,9,1e+07
71,"Tebak Lagu Indonesia",0,0,31299,9252,9671,2455,4291,9,1e+06
72,"Lost in Harmony",0.2,0,45276,5129,2099,1069,2359,9,1e+06
73,"SHOW BY ROCK!![ÁàΩÂø´Èü≥„Ç≤„Éº „Ç∑„Éß„Ç¶„Éê„Ç§„É≠„ÉÉ„ÇØÔºΩ",0,0,30665,15762,5483,1748,1718,9,5e+05
74,"Beat Racer",0.3,0,34534,7296,4717,1929,6277,9,1e+06
75,"Real Piano Teacher 2",1,0,36769,7367,4612,1807,3973,9,1e+06
76,"AyoDance Mobile",0.2,0,28645,3748,4107,2861,14257,9,1e+06
78,"Rock Hero 2",0.3,0,31400,6733,3766,2287,8451,9,5e+06
79,"Popscene (Music Industry Sim)",0.5,0,27071,6485,5016,3357,10602,9,1e+06
80,"Beat Jumper: EDM up!",2.7,0,36346,5533,3525,1648,4454,9,1e+07
81,"BeatEVO YG",0,0,22571,4851,4981,4751,12928,9,1e+06
82,"PianoTiles 3",3.7,0,26346,5156,3451,2760,9820,9,5e+06
83,"FaceDance Challenge!",0,0,31983,5204,3240,1166,5822,9,1e+06
84,"„Ç¢„Ç§„Éâ„É™„ÉÉ„Ç∑„É•„Çª„Éñ„É≥",0.2,0,37904,5010,1980,780,1430,9,5e+05
86,"Mini Piano",0,0,22296,4339,4409,2816,11148,9,5e+06
88,"SuperStar YG",3.3,0,32787,4295,2074,1183,3052,9,5e+05
89,"YASUHATI / With your voice!",0.2,0,28794,4600,3320,1570,5010,9,5e+06
90,"AVATAR MUSIK INDONESIA - Social Dancing Game",0.2,0,25097,2845,2505,1996,10831,9,1e+06
91,"Happy Piano - Touch Music",0.1,0,31760,3990,2750,1070,3140,9,1e+06
92,"ÎçîÎÆ§ÏßÄÏÖò",0.2,0,29027,5989,3044,1137,3393,9,1e+06
93,"Beat Shooter",1.3,0,31522,3064,2036,1107,3993,9,5e+06
95,"Piano",0,0,24854,3647,3467,1878,7025,9,5e+06
96,"Viet Piano Tiles New 2020",0.9,0,31138,4108,1699,719,2718,9,1e+06
97,"Anime Tiles: Piano Music",3.4,0,22255,6109,4046,2192,5770,9,1e+06
98,"Project: Muse",1.2,0,25051,6799,3638,1779,2982,9,1e+06
99,"Pink Piano",2.2,0,25454,2674,2309,1579,6721,9,1e+07
14,"ÿ∂ÿ±ÿ®ÿ© ŸÖÿπŸÑŸÖ - ŸÑÿπÿ®ÿ© ÿßŸÑÿ∫ÿßÿ≤ ŸÖÿ≥ŸÑŸäÿ©",1.7,0,1378829,98456,66575,30993,79269,10,1e+07
17,"Block Puzzle Jewel",1.1,0,1035047,188494,105546,49744,141296,10,1e+08
18,"Flow Free",0.4,0,1015017,193879,90394,40346,103853,10,1e+08
19,"Sand Balls - Puzzle Game",0.8,0,931644,146807,90978,54092,154298,10,1e+08
21,"Escape Titanic",0,0,981074,108621,62945,22538,89934,10,1e+07
22,"Bad Piggies",0.1,0,905567,130712,70563,25025,97407,10,5e+07
24,"Manor Cafe",1.3,0,884715,176502,68220,18276,40100,10,1e+07
26,"Bubble Shooter: Panda Pop!",0.3,0,875306,158160,54566,19406,47329,10,5e+07
27,"Merge Dragons!",1.5,0,789937,207296,67673,20953,48942,10,1e+07
28,"Cut the Rope: Time Travel",0.1,0,886434,115909,44028,13906,48293,10,5e+07
29,"Cookie Jam‚Ñ¢ Match 3 Games | Connect 3 or More",0.4,0,784933,192695,59435,19539,38139,10,5e+07
30,"Jellipop Match-Decorate your dream islandÔºÅ",0,0,748309,135461,64518,25985,63499,10,1e+07
31,"Lily‚Äôs Garden",2.4,0,819617,113083,42295,16515,31858,10,1e+07
32,"Ïï†ÎãàÌå°2",0,0,515548,199202,118459,46506,120671,10,1e+07
33,"Indy Cat for VK",0,0,932203,35588,10645,5257,15464,10,5e+06
34,"Jigsaw Puzzles - Puzzle Game",2.3,0,695075,200702,60926,12341,22205,10,1e+07
35,"Can You Escape",0,0,611953,208644,82458,17866,54419,10,1e+07
36,"Happy Glass",0.9,0,564328,100147,79178,51830,156923,10,1e+08
37,"Tower of Saviors",0.2,0,617587,100653,47816,20748,150509,10,1e+07
38,"Shoot Bubble Deluxe",0,0,691288,101760,57007,19062,54818,10,1e+08
39,"Two Dots",1.2,0,624787,163218,54136,20919,55761,10,1e+07
40,"Pirate Treasures - Gems Puzzle",0.4,0,673470,95439,35498,17679,57263,10,5e+07
41,"Bad Piggies HD",0.2,0,581915,95754,56465,24098,77288,10,5e+07
42,"Doodle Alchemy",0.3,0,631387,107975,42912,12124,22160,10,1e+07
43,"Escape game : 50 rooms 1",1.4,0,500284,120358,55863,18830,38826,10,1e+07
44,"‚àû Infinity Loop ¬Æ",0.6,0,573111,92545,27398,9749,22598,10,1e+07
45,"Jigty Jigsaw Puzzles",0,0,601000,52795,26861,8913,31543,10,1e+07
46,"Unblock Me FREE",0,0,540526,78001,35403,12420,35023,10,5e+07
47,"Bubble Blast 2",0,0,458377,129816,50961,23169,36970,10,1e+07
48,"Mouse",0,0,463017,121000,48410,20015,32929,10,1e+07
49,"Unblock Ball - Block Puzzle",1.2,0,458526,89174,52942,21978,59075,10,1e+08
50,"Inside Out Thought Bubbles",0.1,0,501074,79875,36484,16782,38603,10,1e+07
51,"MonsterBusters: Match 3 Puzzle",0,0,535532,95459,22596,5112,10893,10,1e+07
52,"Love Balls",0.3,0,419206,77469,53294,30594,77538,10,1e+08
53,"LINE Bubble 2",0.3,0,389169,106789,68161,21437,55998,10,1e+07
54,"Mr Bullet - Spy Puzzles",1.2,0,428671,68956,43150,23603,70870,10,1e+08
56,"Magic Jigsaw Puzzles - Puzzle Games",2.6,0,497049,54452,18969,8531,22212,10,5e+07
57,"Mazes & More",0.9,0,400059,72587,43610,22579,60932,10,5e+07
58,"Brain Dots",0.1,0,371580,90333,45956,22068,68714,10,1e+07
59,"Matches Puzzle Game",0.1,0,410616,105829,40728,11222,25611,10,1e+07
60,"„Éë„Ç∫„É´ÔºÜ„Éâ„É©„Ç¥„É≥„Ç∫(Puzzle & Dragons)",0.2,0,333244,78647,55840,26658,98560,10,1e+07
61,"Sudoku",0.1,0,457223,106444,10094,2599,6537,10,1e+07
62,"Marble Legend",0,0,383781,73625,55331,16114,42665,10,5e+07
63,"Hello Stars",0,0,420682,43023,30836,18829,57317,10,5e+07
64,"Wood Block Puzzle",0.2,0,428758,45640,29153,15509,44852,10,5e+07
65,"Block! Hexa Puzzle‚Ñ¢",0.1,0,299841,90904,48993,28856,77659,10,5e+07
66,"Cut the Rope: Experiments",0,0,387813,56164,34373,15345,46216,10,5e+07
67,"Easy Game - Brain Test and Tricky Mind Puzzles",1.4,0,373677,70033,32440,15023,42518,10,1e+07
68,"Sweet Fruit Candy",1.3,0,372984,71504,36755,13356,35048,10,5e+07
69,"Escape the Mansion",0.1,0,374105,91654,41359,8185,13133,10,5e+06
70,"House Paint",0.4,0,336745,70234,45347,23697,49983,10,5e+07
71,"Dig This!",0.6,0,363484,69997,23906,14312,43493,10,5e+07
72,"Gummy Drop! Match to restore and build cities",0.2,0,336981,78715,33974,15571,44461,10,1e+07
74,"Maleficent Free Fall",0.2,0,382395,66961,24482,7474,20894,10,1e+07
75,"Gemmy Lands: New Match 3 Games 2021 to Crush Gems",0.3,0,398852,54696,20408,6689,19230,10,1e+07
76,"Find The Differences - The Detective",0,0,324961,38052,31538,22686,73987,10,5e+07
77,"Brain It On! - Physics Puzzles",0.1,0,319778,82382,31983,16976,39547,10,5e+07
79,"Troll Face Quest: Video Memes - Brain Game",0.2,0,336258,44030,31086,16592,56344,10,1e+07
80,"Disney Emoji Blitz",0.8,0,319307,77522,33484,16154,36254,10,1e+07
82,"Cut the Rope: Magic",0.1,0,346659,60539,26549,9983,25602,10,1e+07
83,"Energy: Anti Stress Loops",2.5,0,387141,56288,12483,4256,7899,10,1e+07
84,"1010! Block Puzzle Game",0.1,0,331318,64154,29703,11363,29423,10,1e+07
85,"Sudoku",0.3,0,374402,63693,10018,3419,7999,10,1e+07
86,"That Level Again",0.4,0,378921,42669,15079,6025,16578,10,1e+07
87,"Crazy Kitchen: Match 3 Puzzles",0,0,398876,37883,11929,3112,7271,10,1e+07
89,"Train Taxi",0.7,0,290753,57145,41615,22136,47137,10,5e+07
90,"Tebak Gambar",0.2,0,309566,44130,31546,17392,48638,10,1e+07
91,"Build a Bridge!",0.5,0,279586,63661,37424,18327,47231,10,1e+07
92,"PixWords‚Ñ¢",0.1,0,354726,53694,15750,4794,11396,10,1e+07
93,"Skillz - Logic Brain Games",0.3,0,283219,81609,28258,12750,31746,10,1e+07
95,"LINE PokoPoko - Play with POKOTA! Free puzzler!",0.3,0,156215,90459,72831,26153,63826,10,1e+07
96,"Block Puzzle & Conquer",0,0,262517,91518,27172,6488,15063,10,1e+07
97,"Blockudoku¬Æ - Block Puzzle Game",1.8,0,258112,77409,33265,8232,17871,10,1e+07
98,"Rescue Cut - Rope Puzzle",3.4,0,263993,33364,23832,16687,51355,10,1e+08
99,"ÎîîÏ¶àÎãà ÌãÄÎ¶∞Í∑∏Î¶ºÏ∞æÍ∏∞",0,0,233094,94172,40694,5921,10475,10,1e+06
19,"Earn to Die 2",0.4,0,1250993,217721,110133,47729,140023,11,1e+08
20,"GT Racing 2: The Real Car Exp",0.1,0,1283424,195505,91634,42138,151657,11,1e+07
21,"Asphalt Nitro",0.6,0,1134818,182498,91764,41597,147380,11,5e+07
22,"City Racing 3D",0,0,1144870,154841,101627,34562,118378,11,5e+07
23,"Nitro Nation Drag & Drift Car Racing",0.5,0,1145978,182946,63576,25434,83665,11,1e+07
24,"Racing Fever",0,0,1103057,147913,89765,33733,95592,11,5e+07
25,"Drive Ahead!",0.9,0,995071,128217,81450,48044,183416,11,5e+07
26,"Street Racing 3D",1.6,0,985581,155580,80239,39673,135312,11,1e+08
27,"Drift Max Pro - Car Drifting Game with Racing Cars",2.4,0,1085380,124746,59412,24711,67189,11,5e+07
28,"Driving School 2016",0.3,0,980739,139016,74260,34224,128632,11,5e+07
29,"Racing in Car",0.1,0,882179,140724,108728,37152,126825,11,5e+07
30,"Drift Ÿáÿ¨ŸàŸÑÿ©",1.1,0,955582,57956,38311,29237,115045,11,1e+07
31,"Trials Frontier",0,0,766927,142855,71542,32533,104666,11,1e+07
32,"Bike Racing 3D",0.3,0,735070,104078,76513,44104,143009,11,1e+08
33,"CarX Drift Racing",0.2,0,854689,96820,44328,21320,78554,11,1e+07
34,"CSR Classics",0,0,698783,102210,38544,12825,46785,11,1e+07
35,"BMX Boy",0.2,0,654219,73463,50827,24924,88657,11,5e+07
36,"Racing Moto",0.3,0,601429,77202,54428,31863,112192,11,1e+08
37,"Demolition Derby 2",1.8,0,710761,70913,30344,13566,40718,11,1e+07
38,"Top Speed: Drag & Fast Racing",0.5,0,675964,70308,30882,13917,49876,11,1e+07
39,"Turbo Stars",2.4,0,621058,72494,40399,19191,60550,11,5e+07
40,"Real Bike Racing",3.1,0,539850,67137,49703,30873,113194,11,1e+08
41,"Trial Xtreme 4: Extreme Bike Racing Champions",0.2,0,458839,86710,52508,28653,106416,11,5e+07
43,"Dr. Parking 4",0.7,0,484521,68171,46819,28077,87680,11,1e+08
44,"Moto Rider GO: Highway Traffic",0.9,0,474651,96190,39808,20229,63314,11,1e+08
45,"Uphill Rush Water Park Racing",0.5,0,480292,55112,39190,26213,90280,11,1e+08
46,"Dr. Driving 2",0.7,0,473468,73783,45676,23297,69883,11,5e+07
47,"Racing in Car 2",2.6,0,448291,58793,43441,30971,103855,11,1e+08
48,"Asphalt Xtreme: Rally Racing",0.4,0,445396,79313,39681,20829,92724,11,1e+07
49,"Beach Buggy Blitz",0.1,0,472497,66341,40741,16780,68997,11,5e+07
50,"Turbo Driving Racing 3D",0.6,0,449266,51978,36555,22686,83771,11,5e+07
51,"City Racing Lite",0,0,482380,56069,42039,12283,37668,11,1e+07
52,"Driving School 2017",0.5,0,454155,67146,32813,16386,59422,11,1e+07
53,"Earn to Die Lite",0.1,0,434429,43450,29759,16697,85533,11,1e+07
54,"MotoGP Racing '20",0.7,0,393372,95095,51869,19200,49885,11,1e+07
55,"Rally Racer Dirt",0.1,0,393761,73593,39148,17327,51641,11,5e+07
56,"Garena Speed Drifters",0.5,0,377043,51802,33968,18822,89357,11,1e+07
57,"School Driving 3D",0,0,414532,60843,36278,12362,42839,11,1e+07
58,"Real Drift Car Racing Lite",0.1,0,381140,52953,30070,10827,37419,11,1e+07
60,"F1 Manager",2.7,0,302447,114009,44387,13970,30955,11,5e+06
61,"Ultimate Car Driving Simulator",3.4,0,337383,44126,26013,16140,56869,11,5e+07
63,"Crazy for Speed",0.3,0,332451,39863,28721,15304,46991,11,1e+07
64,"Mad Skills Motocross 2",0.2,0,320212,50712,28898,14009,49073,11,1e+07
65,"Drive for Speed: Simulator",1.7,0,336699,37855,23690,13194,49280,11,1e+08
66,"Real City Car Driver",0.3,0,285993,28148,27839,16482,83279,11,5e+07
67,"Bike Mayhem Free",0.4,0,291497,44845,28301,15304,51008,11,1e+07
68,"Highway Rider Motorcycle Racer",0,0,308843,37724,23574,10133,49776,11,1e+07
70,"Blocky Roads",0,0,318636,42682,23672,8476,32478,11,1e+07
71,"Road Riot",0.1,0,344144,24297,18904,8248,27472,11,1e+07
72,"Crash of Cars",0.5,0,284293,48836,26450,13869,41437,11,1e+07
73,"Real Racing 3",0.2,0,294296,54246,19382,10440,31958,11,1e+07
74,"Derby Destruction Simulator",0.2,0,320084,34079,17379,7821,25509,11,1e+07
75,"SUP Multiplayer Racing",1.3,0,283916,33861,21514,12874,46686,11,1e+07
76,"Beach Buggy Racing 2",3.2,0,281252,39418,19495,10795,39438,11,1e+07
77,"Boomerang Make and Race - Scooby-Doo Racing Game",0.6,0,274839,27177,18307,12764,43657,11,5e+07
78,"KartRider Rush+",2.7,0,222374,41137,27891,14185,69125,11,1e+07
79,"Offroad Legends - Monster Truck Trials",0.1,0,244679,42177,25665,10302,27153,11,1e+07
82,"Traffic Tour",2.1,0,221961,27883,19822,12349,54303,11,1e+07
83,"Moto Wheelie",0.1,0,282222,18054,10914,5078,17287,11,5e+06
84,"Mountain Climb 4x4 : Offroad Car Drive",0.4,0,217200,28806,19493,14099,47691,11,5e+07
85,"Zombie Squad",0.1,0,219754,34236,21833,9379,29691,11,1e+07
87,"Toy Truck Rally 3D",0,0,229611,23950,20203,7653,28306,11,5e+07
88,"Crazy for Speed 2",0.7,0,237772,23951,14362,6841,24350,11,1e+07
89,"Truck Driver Cargo",0.3,0,191146,23914,18985,12697,59256,11,1e+07
90,"Top Drives ‚Äì Car Cards Racing",1.8,0,221499,30240,12197,6830,23309,11,1e+07
91,"Smash Cops Heat",0,0,220616,31054,14868,6476,20417,11,1e+07
92,"Race the Traffic",0.1,0,186128,27123,24989,13711,40895,11,5e+07
94,"Racing Limits",1.4,0,207040,27639,15989,9117,30529,11,5e+07
95,"Smash Bandits Racing",0.1,0,206427,38776,17350,7251,19987,11,1e+07
96,"üöìüö¶Car Driving School Simulator üöïüö∏",1,0,200630,37145,16942,8252,25552,11,1e+07
97,"Redline Rush: Police Chase Racing",0,0,210515,32429,18238,8364,18748,11,1e+07
98,"Monster Truck Destruction‚Ñ¢",0.3,0,198878,26753,17006,8827,32176,11,1e+07
99,"Stickman Downhill Motocross",0,0,206153,35762,17861,5464,17841,11,1e+07
100,"MMX Hill Dash",0.1,0,201849,41483,14890,5556,18987,11,1e+07
11,"Darkness Rises",0.6,0,1072932,194462,70817,28636,91928,12,1e+07
13,"Tap Titans",0,0,1207169,67472,25539,9616,35085,12,1e+07
14,"RAID: Shadow Legends",2.8,0,898437,173883,61375,37136,139701,12,1e+07
17,"Magic Rush: Heroes",0.1,0,817920,126139,56307,24562,104314,12,1e+07
19,"Idle Heroes",1,0,711091,75560,29620,14436,63706,12,1e+07
20,"RPG Toram Online - MMORPG",1,0,661686,125484,46507,15306,44392,12,1e+07
21,"Shakes and Fidget",0.6,0,689105,143328,31599,8349,16529,12,5e+06
22,"Kritika: The White Knights",0,0,614942,107557,53384,23680,80151,12,1e+07
23,"Tap Titans 2: Heroes Attack Titans. Clicker on!",1.3,0,680760,115190,37602,9941,24240,12,1e+07
24,"FINAL FANTASY BRAVE EXVIUS",0.2,0,527834,132491,51164,25182,86344,12,1e+07
25,"Dungeon Hunter 5 ‚Äì Action RPG",0,0,452458,95918,54237,30113,131360,12,1e+07
26,"The Wolf",1.7,0,538267,91877,37358,16845,48716,12,1e+07
27,"Brave Frontier",0.1,0,518701,100187,40822,18492,53380,12,1e+07
28,"ONE PIECE TREASURE CRUISE",0.7,0,490535,98976,30166,11075,42411,12,5e+06
29,"School of Dragons",0.4,0,435584,76096,44371,24027,79779,12,1e+07
30,"Super Stylist - Dress Up & Style Fashion Guru",3.2,0,415341,80209,41936,21261,56309,12,5e+07
31,"Battle Camp - Monster Catching",0,0,413381,54904,36413,16685,90968,12,1e+07
32,"Mobile Legends: Adventure",2.8,0,482059,64562,19124,8204,32848,12,1e+07
33,"The Walking Dead: Road to Survival",0.3,0,371359,86962,41706,22313,80321,12,1e+07
34,"International Fashion Stylist - Dress Up Studio",3,0,434223,73495,35647,15379,42287,12,1e+07
35,"My Candy Love - Episode / Otome game",0.2,0,368968,82889,44593,22132,73931,12,1e+07
36,"Day R Survival ‚Äì Apocalypse, Lone Survivor and RPG",0.9,0,437905,75187,24549,12849,33928,12,1e+07
37,"Don't get fired!",0.7,0,368450,95209,40128,15092,42114,12,5e+06
38,"Dragon Village",0.1,0,408426,51219,33933,13281,51119,12,5e+06
39,"Inotia 4",0.1,0,395376,92349,34466,9098,26387,12,5e+06
40,"LifeAfter",2.6,0,376330,32939,27685,18898,93714,12,1e+07
41,"MARVEL Strike Force - Squad RPG",2.1,0,286540,75309,38217,46234,89388,12,1e+07
42,"Age of Warring Empire",0,0,345199,79203,36302,14363,49438,12,1e+07
43,"Î†àÏù¥Î∏ê : LEGION",0.1,0,325098,79717,38069,14732,62237,12,5e+06
44,"Crusaders Quest",0.1,0,394272,59478,21340,8264,32579,12,5e+06
45,"Galaxy Legend - Cosmic Conquest Sci-Fi Game",0,0,317140,65184,37777,15167,78882,12,1e+07
46,"Game of Sultans",1.1,0,295070,54216,36963,22038,96115,12,1e+07
47,"School of Chaos Online MMORPG",0.3,0,333980,35511,25453,18255,88029,12,1e+07
48,"Operate Now: Hospital - Surgery Simulator Game",0.3,0,284574,37945,34544,29367,113209,12,1e+07
49,"Heroes Charge",0.1,0,425997,18186,11837,7128,33704,12,1e+07
51,"My Bakery Empire - Bake, Decorate & Serve Cakes",2.7,0,342489,39379,26841,17272,61706,12,1e+08
52,"Ninja Turtles: Legends",1.2,0,359826,44683,22541,12439,44823,12,1e+07
53,"Order & Chaos Online 3D MMORPG",0,0,321908,49659,26027,13408,63447,12,5e+06
54,"Grim Soul: Dark Fantasy Survival",2,0,320973,76889,29167,12778,30125,12,1e+07
55,"Gachaverse (RPG & Anime Dress Up)",0.7,0,276126,47808,34422,21753,89303,12,1e+07
56,"Gymnastics Superstar - Spin your way to gold!",0.4,0,316930,50467,30028,16670,51492,12,5e+07
57,"Angry Birds Evolution 2021",0.2,0,317704,58750,28210,14445,46054,12,1e+07
58,"AVABEL ONLINE [Action MMORPG]",0.2,0,264212,79868,54932,16867,46353,12,1e+07
59,"Seven Knights",0.1,0,317991,44577,24907,15102,56002,12,1e+07
60,"The Seven Deadly Sins: Grand Cross",3.5,0,323588,46196,21070,10973,56037,12,1e+07
61,"DC Legends: Fight Superheroes",0.5,0,298948,53447,24286,15434,54097,12,1e+07
62,"Love Nikki-Dress UP Queen",0.6,0,270588,60255,26791,14584,55230,12,1e+07
64,"ONE PIECE „Éà„É¨„Ç∏„É£„Éº„ÇØ„É´„Éº„Ç∫",0.1,0,238298,95746,55750,10819,18786,12,1e+06
65,"Monster Super League",0.5,0,282799,60134,21684,9106,30202,12,5e+06
66,"Magic Rampage",1.8,0,323804,42745,13972,5158,15805,12,1e+07
67,"Monster High‚Ñ¢ Beauty Shop: Fangtastic Fashion Game",2.3,0,269917,46353,25781,15223,43312,12,1e+07
68,"Arcane Legends MMO-Action RPG",0,0,272948,44010,26048,11484,43890,12,1e+07
69,"BLOCK STORY",0.1,0,284184,46862,22881,9182,29496,12,1e+07
70,"„Ç∞„É©„É≥„Éñ„É´„Éº„Éï„Ç°„É≥„Çø„Ç∏„Éº",0,0,195925,104411,60059,10828,19796,12,1e+06
71,"Age of Magic: Turn-Based Magic RPG & Strategy Game",1,0,290064,43165,17052,9120,29974,12,5e+06
72,"Vampire's Fall: Origins RPG",2.4,0,290167,64286,17766,5138,11817,12,5e+06
73,"Pocket Troops: Strategy RPG",0.1,0,269576,48192,18205,9375,36957,12,1e+07
74,"Pok√©mon Masters EX",2.2,0,245027,50665,23299,12378,49564,12,1e+07
75,"ZENONIA¬Æ 5",0,0,265737,49292,22536,8318,34994,12,1e+07
76,"Heroes of Camelot",0,0,227683,52484,24488,13868,53244,12,5e+06
77,"WWE Champions 2021",0.4,0,212711,37580,26435,17177,77218,12,1e+07
78,"Assassin's Creed Rebellion: Adventure RPG",0.4,0,238596,60578,26473,12932,30568,12,5e+06
79,"Guardian Hunter: SuperBrawlRPG [Online]",0,0,249473,56087,24885,9065,26668,12,1e+06
80,"Questland: Turn Based RPG",2.6,0,316322,29431,7695,2818,8094,12,1e+06
81,"Black Desert Mobile",1.9,0,236472,42503,20882,12028,48492,12,1e+07
82,"Fashion Empire - Dressup Boutique Sim",0.3,0,225185,33782,22998,15652,61808,12,1e+07
83,"Postknight",1,0,296919,34870,11822,3987,6998,12,5e+06
84,"MARVEL Puzzle Quest: Join the Super Hero Battle!",0.3,0,220377,57509,24118,13168,34639,12,1e+07
85,"Ragnarok M: Eternal Love",3.4,0,239093,37683,16572,6086,31802,12,5e+06
87,"Ice Skating Ballerina - Dance Challenge Arena",0.4,0,216352,36278,22265,12368,38291,12,1e+07
89,"Wolvesville - Werewolf Online",1.5,0,230293,44455,15656,5913,21369,12,1e+07
90,"Guild of Heroes: Magic RPG | Wizard game",0.9,0,244928,27864,12327,7458,24054,12,5e+06
91,"Era of Celestials",0.1,0,218341,30095,17165,10341,40556,12,1e+07
92,"HonorBound RPG",0,0,232822,42504,15496,5361,15386,12,1e+06
93,"Hotel Hideaway: Virtual World",2.9,0,231932,26011,13902,8361,28393,12,5e+06
95,"Nonstop Knight - Offline Idle RPG Clicker",0.1,0,214414,39653,18916,8348,20676,12,5e+06
96,"Î¶¨ÎãàÏßÄ2 Î†àÎ≥ºÎ£®ÏÖò",0,0,159647,45106,29604,12623,53962,12,5e+06
98,"FINAL FANTASY Record Keeper",0,0,139765,90397,40260,10035,17008,12,1e+06
99,"Decisions: Choose Your Interactive Love Story",3.2,0,195836,36696,23130,11455,30137,12,1e+07
100,"Epic Seven",1.4,0,201952,39325,15689,7752,31593,12,5e+06
10,"Bus Simulator Indonesia",2.8,0,1409418,141546,76562,43345,141847,13,5e+07
13,"Dragons: Rise of Berk",0.3,0,1095247,168839,78386,38848,125925,13,5e+07
16,"The Sims‚Ñ¢ Mobile",1.4,0,876746,193857,102948,49538,143622,13,5e+07
17,"LINE BROWN FARM",0.1,0,890317,241086,115756,30238,82120,13,1e+07
18,"Fishing Clash",2.3,0,1084764,98243,35587,17455,62108,13,5e+07
19,"Cash, Inc. Money Clicker Game & Business Adventure",0.8,0,1020476,84508,44791,19334,53020,13,1e+07
20,"Vegas Crime Simulator",0.9,0,838441,84294,59640,42905,162595,13,1e+08
21,"Hooked Inc: Fisher Tycoon",1.3,0,865432,180755,84718,19565,36904,13,1e+07
24,"Euro Truck Evolution (Simulator)",0.6,0,710871,126433,77606,44549,151246,13,5e+07
25,"My Story: Choose Your Own Path",0.3,0,620225,164958,116433,56032,148644,13,1e+07
28,"Design Home: House Renovation",1.4,0,602531,214441,89303,44417,69285,13,5e+07
29,"Egg, Inc.",2.4,0,723826,186866,59318,15129,24129,13,1e+07
30,"The Sims‚Ñ¢ FreePlay",0.2,0,653921,112635,65545,34291,134207,13,1e+07
32,"Block City Wars: Pixel Shooter with Battle Royale",0.2,0,632974,109571,69100,37585,143392,13,1e+07
33,"Paradise Island",0,0,631649,161085,82640,34408,67189,13,1e+07
34,"Kill Shot",0,0,629367,196151,78744,17126,44141,13,1e+07
35,"Happy Mall Story: Sim Game",0.4,0,721941,131666,51965,13852,27266,13,1e+07
36,"Clean Road",0.1,0,623396,98016,82079,36424,90192,13,5e+07
37,"Cooking Diary¬Æ: Best Tasty Restaurant & Cafe Game",1.6,0,693195,123661,44353,16973,32459,13,1e+07
38,"Farming Simulator 14",0.8,0,638623,72400,46145,29770,110388,13,1e+08
39,"Airport City",0.6,0,495658,136337,78707,40476,121610,13,1e+07
40,"From Zero to Hero: Cityman",2,0,710037,80057,39919,13296,29297,13,5e+06
42,"Klondike Adventures",3.5,0,647116,79736,38264,18788,48415,13,1e+07
43,"Cafeland - World Kitchen",1.5,0,578026,113072,52409,22562,53328,13,1e+07
44,"BitLife - Life Simulator",1.6,0,467935,143562,74783,36617,94246,13,1e+07
45,"Zombie Castaways",0.5,0,612472,105758,44061,14700,30589,13,1e+07
46,"Turbo Dismount‚Ñ¢",0.3,0,508981,89230,52821,25681,82747,13,5e+07
48,"Grand Truck Simulator",0.3,0,509616,79114,46744,20563,68218,13,1e+07
49,"Truck Simulator 2018 : Europe",3,0,480432,66906,44275,28429,96154,13,1e+08
50,"Animal Crossing: Pocket Camp",1.7,0,500573,102370,44792,18880,49469,13,1e+07
51,"Flight Simulator: Fly Plane 3D",0.1,0,442694,64472,56316,28682,115258,13,1e+08
52,"Let's Fish: Sport Fishing Games. Fishing Simulator",0.2,0,493555,133161,49616,9475,21088,13,1e+07
53,"Romance Club - Stories I Play",1.3,0,520257,77627,32945,14479,46953,13,1e+07
54,"WildCraft: Animal Sim Online 3D",3.7,0,525194,61806,27709,14709,52343,13,5e+07
55,"Heavy Truck Simulator",0.1,0,459478,71873,40880,21094,85314,13,1e+07
56,"Hotel Story: Resort Simulation",0.1,0,463284,85669,54821,19456,46607,13,1e+07
57,"Clouds & Sheep",0.2,0,542466,52916,28121,9989,27922,13,1e+07
58,"Weaphones‚Ñ¢ Gun Sim Free Vol 1",0.2,0,469757,56675,36752,18246,65859,13,5e+07
60,"Make More! ‚Äì Idle Manager",0.6,0,468935,71311,38696,16770,41129,13,1e+07
61,"Coach Bus Simulator",0.4,0,400796,72390,44424,24026,91947,13,1e+07
62,"School Girls Simulator",1.7,0,463465,57940,27201,15573,56231,13,1e+07
64,"Linda Brown: Interactive Story",0.3,0,396351,65978,37579,23264,94348,13,1e+07
65,"High School Story",0,0,459073,69877,33318,11468,30366,13,1e+07
66,"Drive and Park",0.1,0,422761,71251,45132,18764,45872,13,5e+07
68,"Bud Farm: Grass Roots",0.1,0,465050,68241,16339,6364,15721,13,1e+07
69,"Hi Cooking",0.1,0,427133,50463,31390,12089,30198,13,1e+07
70,"Fire Emblem Heroes",0.7,0,379443,83202,31636,14528,40804,13,5e+06
72,"Taxi Game",0,0,248598,40017,38768,33163,140716,13,5e+07
73,"Public Transport Simulator",0.6,0,326657,55914,31333,17527,53739,13,1e+07
74,"Stickman Dismounting",0.3,0,320822,62713,35119,15528,45418,13,1e+07
75,"Pok√©mon: Magikarp Jump",0.4,0,355701,62419,22120,8720,24145,13,1e+07
76,"World Truck Driving Simulator",3.1,0,347260,46137,22110,12097,43508,13,1e+07
77,"Avatar Life - fun, love & games in virtual world!",1.1,0,282985,62118,32292,15532,60970,13,1e+07
78,"Indian Train Simulator",0.9,0,284990,49372,31347,20301,64693,13,1e+07
79,"Home Street ‚Äì Home Design Game",0.5,0,307948,48863,25752,14540,49999,13,1e+07
80,"High School Simulator 2018",2.9,0,304413,47096,26159,15157,54241,13,1e+07
81,"Battle Disc",0.2,0,304208,51235,35792,15611,39523,13,1e+07
82,"Heavy Bus Simulator",0.5,0,291648,49212,26985,15391,59786,13,1e+07
83,"–°–∏–º—É–ª—è—Ç–æ—Ä –∂–∏–∑–Ω–∏ –Æ—Ç—É–±–µ—Ä–∞",0.3,0,357642,53019,17556,4551,8783,13,1e+06
84,"Truck Simulator USA",1,0,274945,62760,32716,13930,41272,13,1e+07
85,"Bio Inc - Plague and rebel doctors offline",0,0,257308,80317,35472,14808,37370,13,1e+07
86,"Car Mechanic Simulator",2.5,0,300551,62248,29322,9764,23081,13,1e+07
87,"IDBS Bus Simulator",0.3,0,269629,37649,30249,18869,66999,13,1e+07
88,"ZooCraft: Animal Family Simulator",0.3,0,288173,68381,28995,11287,23990,13,1e+07
89,"Woodturning",2.3,0,245092,47239,35489,24138,64175,13,1e+08
90,"Mystic Messenger",0.8,0,351636,29727,10907,5278,14549,13,5e+06
91,"Goat Simulator",2,0,300806,32924,17358,10257,44905,13,1e+07
92,"Stickman Rope Hero",0.5,0,263927,37192,24222,15468,63213,13,1e+07
93,"My Virtual Pet Shop: Take Care of Pets & Animalsüê∂",0.9,0,312933,39101,19132,9003,22927,13,1e+07
94,"FarmVille 2: Tropic Escape",0.2,0,266540,57248,28699,14529,33701,13,1e+07
95,"We Are Illuminati - Conspiracy Simulator Clicker",0.7,0,284071,52165,24032,11095,27475,13,5e+06
96,"Dragons World",0,0,273173,42951,26785,11070,38345,13,1e+07
97,"Tap Tap Fish AbyssRium - Healing Aquarium (+VR)",0,0,252669,52719,29078,13880,37271,13,1e+07
98,"Terrarium: Garden Idle",1.3,0,312380,38777,15048,6497,11560,13,5e+06
99,"Î†àÏïåÌåú",0.1,0,242035,75032,36866,8459,21047,13,5e+06
100,"Prison Empire Tycoon - Idle Game",3.4,0,251581,70390,25635,10303,21896,13,1e+07
19,"Football Strike - Multiplayer Soccer",3.4,0,1271467,191908,93271,39101,141727,14,1e+08
23,"Head Soccer",0,0,1140776,167334,92821,35212,193860,14,5e+07
24,"Pool Billiards Pro",0.1,0,1018895,187338,121516,37415,108277,14,1e+08
25,"Ace Fishing: Wild Catch",0,0,957213,208771,95946,28198,84776,14,1e+07
26,"Wrestling Revolution 3D",0.6,0,836586,130760,80604,43473,163882,14,5e+07
27,"Basketball Stars",1.7,0,840179,174819,72389,27673,94345,14,5e+07
28,"Run Race 3D",0.8,0,763810,136170,90270,53281,160563,14,1e+08
29,"3D Bowling",0.1,0,848656,152103,74299,24350,68389,14,1e+08
30,"Real Cricket‚Ñ¢ 20",2.1,0,746459,140841,69957,32913,122070,14,1e+07
31,"3D Tennis",0.2,0,698205,151796,88943,39290,115313,14,5e+07
32,"Punch Boxing 3D",0.1,0,726536,116882,76533,27655,93752,14,5e+07
34,"PES CLUB MANAGER",0.5,0,650483,127851,66627,36368,139772,14,1e+07
35,"Shooting World - Gun Fire",0.5,0,798902,106809,40829,15528,41919,14,5e+07
36,"Archery Master 3D",0.1,0,628791,108612,73307,34015,107783,14,1e+08
37,"Head Football LaLiga 2021 - Skills Soccer Games",0.1,0,621903,93540,47773,20912,112805,14,1e+07
38,"Real Football",0.6,0,499764,91218,72895,43320,189440,14,5e+07
39,"Soccer Star 2021 Top Leagues: Play the SOCCER game",1,0,611806,90171,54192,30113,108185,14,1e+07
40,"Flip Diving",0.4,0,667500,88478,43118,20009,55992,14,5e+07
41,"Cartola FC",0.1,0,544480,99053,59286,31136,105155,14,1e+07
42,"World Cricket Championship Lt",0.6,0,534811,86210,55940,30031,106850,14,5e+07
43,"Kite Flying - Layang Layang",0.2,0,559282,61134,40872,25287,100578,14,5e+07
44,"Score! Match - PvP Soccer",1.6,0,509381,94586,51094,23586,92850,14,5e+07
45,"Final kick 2020 Best Online football penalty game",0.1,0,530939,101437,47205,16616,67574,14,1e+07
46,"Mini Golf King - Multiplayer Game",0.3,0,466780,153192,62122,21406,56338,14,1e+07
47,"Ultimate Soccer - Football",0.3,0,434487,68636,55186,33165,139028,14,5e+07
48,"Boxing Star",1.1,0,524546,102085,39971,15137,48431,14,1e+07
49,"Real Cricket‚Ñ¢ 17",0.1,0,484762,85323,49734,23192,84744,14,1e+07
50,"Stickman Soccer 2014",0.1,0,527257,72076,42467,13397,53188,14,1e+07
51,"Perfect Kick",0,0,535212,69910,33623,12717,55108,14,1e+07
52,"Touchgrind BMX",0.4,0,407090,87343,61074,31346,108334,14,1e+07
53,"Soccer Star 2020 World Football: World Star Cup",0,0,400377,69563,39878,19689,79488,14,1e+07
54,"WWE SuperCard - Multiplayer Collector Card Game",0.2,0,429592,68579,29981,15985,58412,14,1e+07
57,"Winner Soccer Evo Elite",1,0,399433,56252,34988,16915,53908,14,1e+07
58,"Basketball Shoot",0,0,367291,81373,43804,18634,48961,14,1e+07
59,"Badminton League",1.1,0,325530,53747,37366,22713,77220,14,5e+07
60,"Real Boxing ‚Äì¬†Fighting Game",0.2,0,339212,66763,36424,17507,56640,14,1e+07
61,"EA SPORTS‚Ñ¢ FIFA 21 Companion",1.2,0,297000,61572,31524,19955,105175,14,1e+07
62,"Stickman Soccer - Classic",0,0,360270,57979,33583,10425,35680,14,1e+07
63,"Soccer Cup 2021: Free Football Games",3.3,0,319421,47887,31696,16719,59558,14,5e+07
64,"Golf Star‚Ñ¢",0,0,271577,85182,31703,14203,54816,14,1e+07
65,"Fanatical Football",0.1,0,298505,52029,31529,13869,59819,14,1e+07
66,"‚öΩPuppet Soccer 2014 - Big Head Football üèÜ",0.4,0,298819,37488,24296,16047,74887,14,1e+07
67,"Basketball Mania",0,0,302579,61504,37000,13364,34115,14,1e+07
68,"Toon Cup 2020 - Cartoon Network's Football Game",1.3,0,300285,33292,24292,15712,71949,14,5e+07
69,"Volleyball Champions 3D - Online Sports Game",0.2,0,272769,64465,43954,17390,46776,14,1e+07
70,"Basketball Battle",0.3,0,317978,53279,27059,12110,31336,14,1e+07
71,"Shooting King",0.2,0,258225,87918,43360,10460,18396,14,1e+07
72,"Homerun Battle 2",0,0,344230,38750,12150,3650,14920,14,5e+06
74,"Hit & Knock down",0.8,0,263906,59676,33136,11445,27879,14,1e+07
76,"Table Tennis 3D",0.1,0,253695,58286,33471,10684,36327,14,1e+07
78,"Fishing Paradise 3D Free+",0.2,0,243956,57661,35690,12759,34091,14,1e+07
79,"Top Football Manager 2021",1.2,0,241981,63412,26359,8799,27622,14,1e+07
80,"Sachin Saga Cricket Champions",1,0,223686,44968,26939,14327,56752,14,1e+07
81,"Wrestling Revolution",0.4,0,240422,38724,23169,13138,49794,14,1e+07
82,"3D Pool Ball",0.5,0,256937,34238,21156,10393,35547,14,1e+07
83,"Stickman Basketball",0,0,258131,39495,21795,7981,28578,14,1e+07
84,"Mike V: Skateboard Party",0.1,0,244494,35938,19437,7870,29845,14,1e+07
85,"Stick Cricket Premier League",0.1,0,218684,48933,21412,9093,36275,14,5e+06
86,"Golf Rival",2.9,0,218343,58508,18278,8332,24002,14,1e+07
87,"Virtual Table Tennis 3D",0,0,209447,38034,25718,8379,45624,14,1e+07
88,"Mobile Soccer League",0.8,0,207242,45880,24959,11035,33985,14,1e+07
89,"Badminton Legend",0.3,0,245774,22826,14731,7295,20098,14,1e+07
90,"Fishing Superstars",0,0,194652,46827,22049,7233,28284,14,1e+07
91,"Soccer Kicks (Football)",0,0,175748,34027,27924,14082,37083,14,1e+07
93,"PBA¬Æ Bowling Challenge",0.3,0,194799,45701,14011,5592,14211,14,1e+07
94,"Fanatical Basketball",0.6,0,186104,28541,20701,9215,29159,14,1e+07
95,"Baseball Superstars¬Æ 2013",0,0,190684,40931,19616,5014,13943,14,5e+06
97,"Touchgrind Skate 2",0.6,0,149667,37168,24205,12963,44480,14,1e+07
98,"Archery Tournament",0,0,149095,49183,30207,11909,25533,14,1e+07
99,"Flip Master",0.5,0,177542,29853,19219,9464,27145,14,1e+07
100,"Shoot Goal ‚öΩÔ∏è Football Stars Soccer Games 2021",0.2,0,173899,24732,16774,8756,36035,14,1e+07
19,"Megapolis: city building simulator. Urban strategy",0.2,0,1016465,216539,75228,34680,103752,15,5e+07
20,"Empire: Four Kingdoms | Medieval Strategy MMO",0.1,0,817422,192799,100300,44307,162805,15,5e+07
21,"Castle Crush: Epic Battle - Free Strategy Games",1.1,0,937488,137379,66995,29199,110379,15,1e+07
22,"King of Thieves",0.2,0,915250,164131,64977,28453,94744,15,1e+07
24,"Game of Warriors",0.9,0,852981,104436,53688,19301,53997,15,1e+07
25,"League of Legends: Wild Rift",0,0,757792,87307,46307,27614,118304,15,1e+07
26,"Forge of Empires: Build your City",0.7,0,647806,169109,55397,25205,69788,15,1e+07
27,"Vikings: War of Clans",0.1,0,696323,134808,34906,18992,80819,15,1e+07
28,"Bid Wars 2: Pawn Shop - Storage Auction Simulator",2.9,0,579654,217881,100341,23330,39841,15,1e+07
29,"Mafia City",2.3,0,627238,103887,39772,23835,154161,15,5e+07
30,"aa",0,0,609628,105180,66828,23420,99654,15,5e+07
32,"Bloons TD Battles",0.5,0,613200,115694,52744,22637,86515,15,1e+07
34,"Last Empire - War Z: Strategy",0,0,556372,84174,59121,29053,144938,15,5e+07
36,"Alien Creeps TD - Epic tower defense",0.2,0,583850,145585,56794,18978,44455,15,1e+07
38,"Jungle Heat: War of Clans",0,0,577994,84835,49069,21193,95092,15,1e+07
39,"The Walking Dead No Man's Land",0.4,0,578310,128210,38993,12648,31775,15,1e+07
40,"DomiNations",0.2,0,464985,106226,48811,27238,109863,15,1e+07
41,"World at Arms",0.1,0,473209,111560,60071,21942,89867,15,1e+07
42,"Art of War: Legions",2.5,0,590838,55623,31651,16866,60607,15,1e+07
43,"Heroes of Order & Chaos",0,0,352710,72575,81910,35542,179323,15,1e+07
45,"Army Men Strike - Military Strategy Simulator",0.4,0,419583,102399,53691,21212,75623,15,1e+07
46,"Toilet Time: Boredom killer Fun Mini Games to Play",0.1,0,435148,76678,44621,17635,59881,15,1e+07
47,"Castle Clash: Dominio del Reino",0.1,0,431408,58813,35405,13745,61947,15,5e+06
48,"Kingdom Rush - Tower Defense Game",1.5,0,483726,78106,19233,5587,13993,15,1e+07
49,"Final Fantasy XV: A New Empire",0.1,0,305624,59345,36278,24555,143216,15,1e+07
50,"Dead Ahead: Zombie Warfare",0.4,0,386210,103781,34264,12605,26070,15,5e+06
51,"Lapse: A Forgotten Future",0.6,0,428268,81138,22108,8124,17018,15,1e+07
52,"Heroes Evolved",0.2,0,290619,45879,40986,27224,136461,15,1e+07
53,"Dawn of Titans: War Strategy RPG",0.2,0,341402,71472,26037,12608,72162,15,5e+06
54,"Toy Defence 2 ‚Äî Tower Defense game",0.5,0,316488,113531,39448,9490,18612,15,1e+07
55,"2020: My Country",0.2,0,335263,86692,43116,10059,19400,15,5e+06
56,"South Park: Phone Destroyer‚Ñ¢ - Battle Card Game",0.6,0,354722,60389,23523,13004,35858,15,1e+07
57,"Castle Clash: King's Castle DE",0.1,0,338830,50336,29206,12394,55134,15,5e+06
58,"Clash of Lords: Guild Castle",0,0,383512,46627,22758,7609,25358,15,5e+06
59,"Random Dice: PvP Defense",1.8,0,305562,68195,33985,15394,55007,15,5e+06
60,"Empires and Allies",0.2,0,314012,62390,26359,11800,40558,15,1e+07
61,"Mini Warriors",0,0,300972,52732,22787,11289,59659,15,5e+06
62,"Guns of Glory: The Iron Mask",2.1,0,255534,45372,26592,18720,84362,15,5e+07
63,"Invasion: Modern Empire",0.1,0,294674,36292,18281,9834,62691,15,1e+07
64,"Tentacle Wars ‚Ñ¢",0.2,0,249548,93332,43318,11181,21244,15,1e+06
65,"Realm Defense: Epic Tower Defense Strategy Game",0.3,0,319881,52838,16180,7925,21137,15,5e+06
66,"Gods of Olympus",1.1,0,289219,70461,22665,5379,13543,15,1e+06
67,"Survival Arena",0,0,235417,104320,43060,6010,9958,15,1e+06
68,"Disney Heroes: Battle Mode",0.8,0,270231,46898,22959,12249,44700,15,1e+07
69,"Reactor ‚ò¢Ô∏è - Idle Manager- Energy Sector Tycoon",2,0,292407,58977,23477,7118,13817,15,5e+06
70,"Deep Town: Mining Factory",0.9,0,311297,37144,16792,9336,18222,15,5e+06
71,"Virtual City¬Æ Playground: Building Tycoon",0.1,0,252727,76346,37568,8529,13209,15,5e+06
72,"War and Order",1.6,0,237572,68520,29998,10225,40025,15,1e+07
73,"Castle Clash : Guild Royale",0.1,0,273104,47076,23603,8463,33835,15,5e+06
74,"Clash of Lords 2: –ë–∏—Ç–≤–∞ –õ–µ–≥–µ–Ω–¥",0,0,319266,29922,10217,4638,20554,15,1e+06
75,"Empire Z: Endless War",0.2,0,198660,55748,35476,18456,57943,15,5e+06
76,"Warlings: Armageddon",0.6,0,241426,44364,27718,11428,33928,15,1e+07
77,"Warlings",0.1,0,261633,33710,21558,6789,28168,15,1e+07
78,"Total Conquest",0.3,0,205463,30317,24519,15053,69400,15,1e+07
79,"Chess Live",0.1,0,220365,43057,24432,10207,41827,15,1e+07
80,"Age of Z Origins",2.5,0,230341,48047,23291,8430,29406,15,1e+07
81,"ÿßŸÜÿ™ŸÇÿßŸÖ ÿßŸÑÿ≥ŸÑÿßÿ∑ŸäŸÜ",0.9,0,224601,20778,16075,8886,68666,15,1e+07
82,"Onmyoji Arena",0.8,0,230361,43143,18956,9822,32165,15,5e+06
83,"Narcos: Cartel Wars. Build an Empire with Strategy",0.5,0,259055,25943,12946,7352,25154,15,1e+07
84,"March of Empires: War of Lords",0.4,0,187204,44822,23400,13778,60319,15,1e+07
85,"Chess Rush",0.6,0,192287,35797,22025,14620,63109,15,5e+06
86,"War and Magic: Kingdom Reborn",0.8,0,202480,51588,18305,7618,46046,15,5e+06
87,"Supermarket Mania Journey",0.7,0,210853,51860,31143,10626,15084,15,1e+07
88,"War Heroes: Strategy Card Game for Free",0.1,0,234541,22186,14917,9026,38351,15,1e+07
89,"TRANSFORMERS: Earth Wars",0.4,0,227536,40144,14884,7791,25938,15,1e+07
90,"Art of War 3: PvP RTS modern warfare strategy game",1.2,0,243785,25851,12950,6435,21827,15,1e+07
91,"Defender II",0,0,197222,38400,22315,10962,36692,15,1e+07
92,"Stormfall: Rise of Balur",0.1,0,190848,41494,20442,9376,35316,15,1e+07
94,"Grepolis - Divine Strategy MMO",0.1,0,179652,58858,19599,8091,22406,15,5e+06
95,"Venom Angry Crashy Rush Online",0.4,0,198598,25283,15881,9610,34395,15,1e+07
97,"Castle Clash: Batalha de Guildas",0.1,0,207820,23527,14715,5844,27633,15,1e+06
98,"ÂüéÂ†°Áà≠Èú∏ - ËÅØÁõüÈú∏Ê•≠",0.1,0,224926,19886,9967,3759,17813,15,1e+06
99,"Iron Desert - Fire Storm",0,0,191227,34188,16647,7185,22918,15,5e+06
100,"Castle Clash: Regu Royale",0.1,0,195637,25085,17969,8165,23506,15,1e+06
4,"Logo Quiz",0,0,782381,200879,91546,35081,73511,16,5e+07
7,"Tricky Test 2‚Ñ¢: Genius Brain?",0,0,559792,39703,17592,8106,24170,16,1e+07
8,"Free Trivia Game. Questions & Answers. QuizzLand.",3.6,0,562389,43881,13917,7098,18226,16,1e+07
9,"Quiz: Logo game",0.2,0,262328,75120,37275,15539,30868,16,1e+07
10,"Guess The Song - Music Quiz",0,0,260763,62469,33027,13232,38530,16,1e+07
11,"TVSMILES - Quiz and Prizes",0,0,292482,61524,25561,7184,20307,16,1e+06
12,"ŸÅÿ∑ÿ≠ŸÑ ÿßŸÑÿπÿ±ÿ® - ŸÑÿπÿ®ÿ© ŸÖÿπŸÑŸàŸÖÿßÿ™ ÿπÿßŸÖÿ©",0.3,0,308562,33358,17253,4965,13217,16,5e+06
13,"Gartic",0.8,0,226472,52007,25604,10764,36428,16,1e+07
14,"Trivia Crack 2",1.6,0,227938,56261,20466,8502,22243,16,1e+07
15,"94 Degrees: fun trivia quiz",0,0,195886,69021,29551,12326,27912,16,1e+07
16,"Quizdom - Trivia more than logo quiz!",0,0,243353,28051,16603,7782,35215,16,1e+07
17,"Picture Quiz: Logos",0,0,204945,62497,19810,4015,9830,16,1e+07
18,"Think",0.2,0,165885,89662,24424,3625,5919,16,5e+06
19,"Fight List - Categories Game",0.1,0,139952,56226,27868,17366,40409,16,1e+07
20,"Î™®ÎëêÏùò ÌÄ¥Ï¶à - ÏÇ¨ÏßÑÏó∞ÏÉÅ Îã®Ïñ¥",0,0,189645,52491,25017,4415,9361,16,1e+06
21,"I Know Stuff : trivia quiz",0,0,154611,26099,15338,5854,14760,16,1e+07
22,"Who Wants to Be a Millionaire? Trivia & Quiz Game",1.3,0,133315,38530,13838,5771,14118,16,1e+07
23,"World Geography - Quiz Game",0.7,0,134426,37857,7286,2402,5223,16,1e+07
24,"Guess The Brand - Logo Mania",0,0,118398,29589,14799,4966,13613,16,1e+07
25,"‡∏õ‡∏£‡∏¥‡∏®‡∏ô‡∏≤‡∏ü‡πâ‡∏≤‡πÅ‡∏•‡∏ö",0,0,119533,23397,13321,6441,9826,16,1e+07
26,"Logo Game: Guess Brand Quiz",0.2,0,98452,21133,15014,8347,22356,16,1e+07
27,"Color Mania Quiz - Guess the logo game",0,0,137473,9310,6920,2460,7220,16,1e+06
28,"Can you escape the 100 room IV",1.4,0,114635,28785,10697,2820,5095,16,1e+06
29,"ÿ≠ŸÑŸáÿß Ÿàÿßÿ≠ÿ™ŸÑŸáÿß - ŸÑÿπÿ®ÿ© ŸÉŸÑŸÖÿ© ÿßŸÑÿ≥ÿ±",2.3,0,143297,6811,4484,1780,3908,16,1e+06
30,"A4 Wheel of fortune",1.7,0,126217,9400,4545,2671,16518,16,5e+06
31,"TTS Lontong",0,0,107581,19575,11771,4736,13370,16,5e+06
32,"–ò–Ω—Ç–µ–ª–ª–µ–∫—Ç-–±–∞—Ç—Ç–ª",0.4,0,110993,18969,7709,3969,12526,16,5e+06
33,"Scratch Logo Quiz. Challenging brain puzzle",0,0,74840,18225,16867,8538,33824,16,1e+07
34,"Jeopardy!¬Æ Trivia Quiz Game Show",0.5,0,95711,31185,11669,4781,7546,16,1e+06
35,"Spin of Fortune - Quiz",0.6,0,100127,20350,11117,5256,13448,16,1e+07
36,"100 PICS Quiz - Guess Trivia, Logo & Picture Games",0,0,98350,22682,10187,4814,12534,16,1e+07
38,"General Knowledge Quiz",0,0,91545,28322,11534,3887,7874,16,5e+06
39,"Food Quiz",0,0,92969,17315,10793,5914,15841,16,1e+07
40,"Trivia Survival 100",0.1,0,92263,15021,7898,2990,12547,16,1e+06
41,"Adivina la Canci√≥n",0.1,0,73325,15260,11912,5946,18149,16,5e+06
42,"Where Logic?",0.5,0,83425,17620,7196,2578,12163,16,5e+06
43,"Nope Quiz",0,0,85750,16210,6733,2803,9317,16,1e+06
44,"Genius Quiz - Smart Brain Trivia Game",0,0,83966,12370,6360,2170,10160,16,5e+06
45,"Who Becomes Rich",0.2,0,54024,28499,13006,7666,10760,16,5e+06
46,"Richman 4 fun",0,0,57157,13796,11147,5298,26524,16,1e+06
47,"–í—Ä–∞—â–∞–π—Ç–µ –±–∞—Ä–∞–±–∞–Ω",3.1,0,85772,12144,5125,2233,5813,16,1e+07
49,"Trick Me: Logical Brain Teasers Puzzle",1.4,0,74456,13450,9445,3796,7552,16,5e+06
50,"TRIVIA 360: Single-player & Multiplayer quiz game",0.6,0,65183,28501,8569,2264,3960,16,5e+06
52,"sameQuizy",0.1,0,69383,19517,7749,3171,7440,16,1e+06
53,"Live Quiz Games App, Trivia & Gaming App for Money",0,0,54382,8965,5455,3630,34446,16,1e+07
55,"MEGA QUIZ GAMING 2021 - Guess the game Trivia",0,0,46730,24907,11279,4406,10643,16,1e+06
56,"Guess The Movie ¬Æ",0.2,0,31819,18522,15734,9990,18731,16,1e+06
57,"Would You Rather? The Game",1,0,49277,10308,8559,4612,21860,16,5e+06
58,"Guess the Logo: Multiple Choice Quiz",0.1,0,47779,11929,8363,5532,11999,16,1e+07
59,"Pluck It: hairs and emotions",1.7,0,71606,6753,1810,934,3192,16,5e+05
60,"A Journey Towards Jesus",0.3,0,69027,8329,2359,609,1539,16,1e+06
61,"–£–ì–ê–î–ê–ô –ë–õ–û–ì–ï–†–ê",0,0,70380,2441,1275,717,2889,16,1e+06
62,"96%: Family Quiz",0,0,46640,15480,6702,2473,6104,16,1e+06
63,"–≠–≤—Ä–∏–∫–∞! –õ–æ–≥–∏—á–µ—Å–∫–∏–µ –ó–∞–¥–∞—á–∏, –ò–≥—Ä—ã –∏ –ì–æ–ª–æ–≤–æ–ª–æ–º–∫–∏",0.1,0,55311,12973,2806,1018,4644,16,1e+06
64,"Stupid test: moron test, idiotest. IQ bored games",0.5,0,47271,8850,4946,2562,11999,16,1e+06
65,"Trivia Crack (No Ads)",0.9,1.99,55411,12625,3123,1117,2315,16,5e+05
67,"Ïä§ÏºÄÏπòÌÄ¥Ï¶à",0,0,25093,6939,6959,4763,21977,16,5e+06
68,"I Know the Cartoon",0,0,41317,8609,5549,1959,8259,16,5e+06
70,"Trivia Challenge",0.8,0,52376,6236,3068,969,2378,16,1e+06
71,"Atriviate (Online Trivia)",0,0,23795,16207,9318,4549,10718,16,5e+06
72,"Quiz - Offline Games",3.2,0,38247,10607,5338,1868,4774,16,5e+06
75,"Truth or Dare",1.3,0,43119,7849,3074,1243,4158,16,1e+06
76,"BFF Friendship Test",1.2,0,37997,6847,4598,2629,6897,16,1e+07
77,"Superbuzzer Trivia Quiz Game",0,0,34640,6231,3315,2067,12092,16,1e+06
78,"The Higher Lower Game",0.4,0,25087,12363,8489,3125,8868,16,5e+06
79,"Eu Sei a M√∫sica",0,0,35717,8404,4786,2248,6475,16,1e+06
80,"Palabra Correcta",0.2,0,41997,9023,2478,869,2438,16,5e+06
81,"ŸÅŸÉÿ± ŸÄ Think",0,0,50537,2551,1965,446,1280,16,1e+05
82,"Se como Jose",0.4,0,42500,4330,2260,1220,6360,16,1e+06
83,"TopQuiz -Play Quiz & Lottery | Win Money via Paytm",0.1,0,24578,4760,2971,2454,20284,16,1e+06
84,"101 Pics: Photo Quiz",1,0,41529,3619,2689,1399,4179,16,5e+06
85,"Personal Name Test",0,0,25556,4587,4827,2988,13962,16,1e+06
86,"Flags and Capitals of the World Quiz",0.3,0,35507,6831,3539,1546,4184,16,1e+06
88,"¬øCu√°nto sabes de Primaria?",0,0,25764,4950,5090,2590,12411,16,1e+07
89,"Cars Logo Quiz HD",0.1,0,31207,6779,4389,2139,5139,16,5e+06
90,"◊ú◊ï◊í◊ï◊ò◊°◊ò ◊ò◊®◊ô◊ï◊ï◊ô◊î: ◊û◊©◊ó◊ß ◊î◊°◊û◊ú◊ô◊ù ◊ï◊î◊û◊ï◊™◊í◊ô◊ù ◊î◊í◊ì◊ï◊ú ◊ë◊ô◊©◊®◊ê◊ú",0.5,0,40900,4609,1816,618,1686,16,5e+05
91,"90's Quiz Game",0,0,40057,4653,2291,358,538,16,5e+05
92,"Flags of All Countries of the World: Guess-Quiz",1.5,0,30447,6973,3927,2166,4124,16,5e+06
93,"Vrai ou Faux ? Le grand Quiz",0,0,24292,13322,4862,936,2371,16,1e+06
94,"Alphabet Game",0.6,0,27603,7718,3899,1579,4509,16,5e+06
95,"Hardest Girl to Get - Kode Keras Cowok dari Cewek",0.5,0,30436,4432,3284,1956,4861,16,1e+06
96,"Slam",0.2,0,28192,8791,3346,1218,3326,16,1e+06
97,"ÏïÑÏû¨ Îä•Î†• Í≥†ÏÇ¨ : ÏïÑÏû¨Í∞úÍ∑∏ÏôÄ ÎÑåÏÑºÏä§ÌÄ¥Ï¶à",0,0,33567,4778,2284,817,2683,16,1e+06
98,"Cuanto Sabes de la Biblia",1.9,0,37262,3687,1255,418,578,16,5e+05
99,"Quiz Planet",2.3,0,22911,8960,4574,1851,4891,16,1e+06
100,"AppTrailers",0,0,24408,8056,3088,1119,5847,16,1e+06
3,"Words of Wonders: Crossword to Connect Vocabulary",2,0,1395622,222919,82725,31915,88867,17,1e+08
5,"4 Fotos 1 Palabra",0.5,0,865192,189818,79976,23692,57033,17,5e+07
6,"4 Pics 1 Word",0.4,0,822765,214414,70684,18945,45250,17,5e+07
8,"CodyCross: Crossword Puzzles",0.9,0,675125,165913,54134,20912,50217,17,5e+07
10,"Word Connect",1.6,0,760211,120763,35012,12357,30173,17,1e+07
11,"Wordscapes",1.4,0,768395,81889,34033,18984,41168,17,5e+07
12,"ŸÑÿπÿ®ÿ© ŸÉŸÑŸÖÿ© ÿßŸÑÿ≥ÿ± : ÿßŸÑÿ¨ÿ≤ÿ° ÿßŸÑÿ´ÿßŸÜŸä",1.3,0,683334,43008,29632,10747,29742,17,1e+07
13,"ŸÉŸÑŸÖÿßÿ™ ŸÖÿ™ŸÇÿßÿ∑ÿπÿ©",0.4,0,640995,56751,31968,10602,30549,17,1e+07
14,"ŸàÿµŸÑÿ© - ŸÑÿπÿ®ÿ© ŸÉŸÑŸÖÿßÿ™ ŸÖÿ™ŸÇÿßÿ∑ÿπÿ©",0.5,0,622699,42507,33642,11833,32642,17,5e+06
15,"Words with Friends: Play Fun Word Puzzle Games",0,0,448237,128193,57079,32651,70036,17,1e+07
16,"Word Snack - Your Picnic with Words",0.2,0,517815,94510,35842,7072,13995,17,5e+06
17,"Word search",0,0,437940,122546,48501,10336,24724,17,5e+07
18,"Wordfeud Free",0.2,0,366527,187721,35481,9255,18200,17,1e+07
19,"Word Search",0,0,440880,88059,41326,14212,29961,17,1e+07
21,"Word Search",0,0,423778,51882,16591,5124,15163,17,1e+07
21,"Word Search",0,0,278688,96149,40350,11577,28852,17,1e+07
21,"Word Search",0,0,260865,79932,29422,6895,13072,17,1e+07
22,"Word Link",0,0,366216,57077,26847,10760,40316,17,5e+07
23,"Words Story - Addictive Word Game",0.1,0,272292,47825,38880,30125,105951,17,5e+07
24,"Word Streak-Words With Friends",0.2,0,290484,116481,28421,11901,22376,17,1e+07
25,"TTS Pintar 2021 - Teka Teki Silang Offline",0.8,0,340833,71891,32778,8525,14900,17,1e+07
26,"Word Search",0.2,0,423778,51882,16591,5124,15163,17,1e+07
26,"Word Search",0.2,0,278688,96149,40350,11577,28852,17,1e+07
26,"Word Search",0.2,0,260865,79932,29422,6895,13072,17,1e+07
27,"4 Bilder 1 Wort",0.2,0,267581,100256,31949,13365,32249,17,1e+07
28,"Word Academy",0.2,0,279022,118839,37272,3970,5746,17,5e+06
29,"Word Connect - Word Games Puzzle",0.8,0,332795,42949,20885,6848,16273,17,1e+07
30,"Pictoword: Fun Word Games & Offline Brain Game",0.2,0,263532,59896,32245,15034,41795,17,1e+07
31,"Word Collect - Free Word Games",3.7,0,373268,16566,4404,3184,9225,17,1e+07
33,"Word Search",0.1,0,423778,51882,16591,5124,15163,17,5e+07
33,"Word Search",0.1,0,278688,96149,40350,11577,28852,17,5e+07
33,"Word Search",0.1,0,260865,79932,29422,6895,13072,17,5e+07
34,"Wheel of Fortune: Free Play",0.5,0,293442,40576,20693,10146,22122,17,1e+07
35,"Word Crack",0.4,0,176250,87530,32972,15216,71074,17,1e+07
36,"4 Images 1 Mot",0.7,0,231152,90731,31042,9258,17648,17,1e+07
37,"4 —Ñ–æ—Ç–∫–∏ 1 —Å–ª–æ–≤–æ",0.3,0,277984,40882,18632,7912,26705,17,1e+07
38,"Wordie: Guess the Word",0,0,274990,47972,18918,5186,15700,17,1e+07
39,"Ruzzle Free",0.1,0,220384,73794,26098,9119,26938,17,1e+07
40,"Kelimelik",0.5,0,251841,55078,18432,5657,20811,17,5e+06
41,"Scrabble¬Æ GO - New Word Game",2.6,0,184234,49811,27628,23020,48486,17,1e+07
42,"ŸÑÿπÿ®ÿ© ŸÉŸÑŸÖÿ© ÿßŸÑÿ≥ÿ±",0,0,284850,15583,10218,3356,13205,17,1e+07
43,"–ù–∞–π–¥–∏ —Å–ª–æ–≤–∞",0.3,0,259366,34017,10292,4035,12305,17,1e+07
44,"Pro des Mots",1.5,0,225566,59308,14486,3673,8313,17,1e+07
45,"Word Search Free Game",1.6,0,273302,14525,5676,2354,7961,17,1e+07
46,"Garden of Words - Word game",0.9,0,173068,66611,26294,10773,22876,17,1e+07
47,"Word Crossy - A crossword game",0,0,174532,58150,28323,10811,21324,17,5e+06
48,"4 Immagini 1 Parola",0.1,0,188407,59534,19451,5601,14379,17,1e+07
49,"Words Crush: Hidden Words!",0,0,194084,61334,18115,3393,6847,17,5e+06
50,"Word Search Sea: Unscramble words",1.4,0,240235,21817,7638,3121,9383,17,1e+07
52,"4 Pics 1 Word Puzzle Plus",0,0,156926,58240,29994,7373,12199,17,5e+06
53,"Palabras Cruz",0.7,0,213985,20573,8884,4182,13685,17,1e+07
54,"Words With Friends 2 - Board Games & Word Puzzles",0,0,135868,46192,21311,16133,35446,17,1e+07
55,"Word Stacks",0.8,0,203604,17305,7749,4603,8957,17,1e+07
56,"Word Yard - Fun with Words",0.6,0,183280,31467,10775,2626,5742,17,1e+06
57,"Word Cross",0.2,0,181059,21082,9728,4066,11094,17,1e+07
58,"Word Trip",2,0,171143,32716,12822,3105,4214,17,5e+06
60,"Heads Up!",0.1,0,114295,23794,14067,9767,58797,17,1e+07
61,"Word Search Quest - Free Word Puzzle Game",3.6,0,168112,30371,7879,2789,7122,17,1e+07
62,"–°–ª–æ–≤–∞ –∏–∑ –°–ª–æ–≤–∞",1.1,0,176773,21239,8385,2498,5737,17,5e+06
63,"What Am I? ‚Äì Family Charades (Guess The Word)",0.1,0,131987,28158,18503,9016,26381,17,1e+07
64,"Wort Guru",1.2,0,155455,33940,9062,4036,9611,17,5e+06
65,"Stop - Categories Word Game",1,0,83797,35081,27057,17156,42098,17,1e+07
67,"Crossword Jam",2.7,0,157811,20897,8582,2877,5187,17,5e+06
68,"Kelime Gezmece",1.5,0,152260,15885,5045,2847,11389,17,1e+07
69,"Jalebi - A Desi Adda With Ludo Snakes & Ladders",0.9,0,123035,19640,11632,5981,17294,17,1e+07
70,"Immortal Taoists-Idle Game of Immortal Cultivation",1.4,0,125043,28786,9948,3559,9608,17,1e+06
71,"Classic Words Solo",0.7,0,115491,40875,10740,2757,6174,17,1e+07
72,"WordWhizzle Search",0,0,123845,34556,10023,1698,2128,17,1e+06
73,"Word Find - Word Connect Free Offline Word Games",3,0,135499,20918,8300,2149,4406,17,1e+07
74,"Draw and Guess Online",0.1,0,121285,17716,8927,5472,16387,17,1e+06
75,"2 Pictures 1 Word",0.2,0,130362,11624,5946,3297,9104,17,5e+06
76,"Word Crack Mix 2",0,0,81330,41797,14271,5020,16936,17,5e+06
77,"Word Search",1.3,0,103539,23263,11163,5417,14310,17,1e+07
78,"Word Domination",1.1,0,94615,29348,11648,6340,13347,17,5e+06
79,"Sz√≥ Piknik - Word Snack",0.4,0,120191,15745,7063,2347,6903,17,5e+06
80,"ÿßÿ¥ÿ®ŸÉŸáÿß - ŸÑÿπÿ®ÿ© ÿ™ÿ≥ŸÑŸäÿ© Ÿàÿ™ŸÅŸÉŸäÿ±",0.8,0,127732,9049,6585,2504,5637,17,1e+06
81,"ŸÉŸÑŸÖÿßÿ™ ŸÖÿ™ŸÇÿßÿ∑ÿπÿ© ŸÖŸÜ ÿ≤Ÿäÿ™ŸàŸÜÿ© - ÿ±ÿ¥ŸÅÿ© ŸàÿµŸÑÿ©",0.1,0,124227,10357,7496,2133,6569,17,1e+06
82,"Evil Apples: You Against Humanity!",0.2,0,88425,24636,12827,6638,16177,17,5e+06
83,"Word Chums",0.1,0,115049,22598,3548,1429,3768,17,1e+06
85,"Word Trek - Word Brain streak - hand made puzzles",0,0,94569,31779,11088,2545,3882,17,5e+06
87,"Words Crush: Hidden Themes!",0,0,90806,33063,10249,1357,1666,17,1e+06
88,"Teka Teki Silang",0,0,82262,30138,18250,2817,3106,17,5e+06
89,"7 Little Words: A fun twist on crossword puzzles",0.1,0,107466,11411,3367,2697,4936,17,1e+06
90,"Charades!",0.1,0,87579,19526,7808,3011,10989,17,1e+07
91,"Escape Room: Mystery Word",0,0,88905,9635,7354,5121,16245,17,1e+07
92,"Wordalot - Picture Crossword",0.1,0,91723,23344,6235,1815,3531,17,5e+06
93,"Jogo da Forca",0,0,84188,16537,9233,3647,12460,17,1e+07
94,"Word Swipe",0.7,0,106443,9312,3766,1648,4776,17,1e+07
95,"Zgadnij co to?",0,0,94530,19863,5805,1208,2747,17,1e+06
96,"Piknik S≈Çowo - Word Snack",0.1,0,96954,17233,5098,1249,2309,17,1e+06
97,"Wordox ‚Äì Free multiplayer word game",0,0,74010,21546,10648,4710,9560,17,1e+06
98,"4 Fotos 1 Palavra",0.3,0,84688,16783,6619,1867,4892,17,5e+06
99,"ÿ≤ŸàÿßŸäÿß - ŸÑÿπÿ®ÿ© ÿ≥ÿ™ÿ≠ÿ±ŸÉ ÿ≤ŸàÿßŸäÿß ÿπŸÇŸÑŸÉ",0.8,0,99168,3528,3258,1059,3278,17,1e+06
